-- MySQL dump 10.13  Distrib 5.1.62, for Win32 (ia32)
--
-- Host: localhost    Database: ontorave_development
-- ------------------------------------------------------
-- Server version	5.1.62-community

/*!40101 SET @OLD_CHARACTER_SET_CLIENT=@@CHARACTER_SET_CLIENT */;
/*!40101 SET @OLD_CHARACTER_SET_RESULTS=@@CHARACTER_SET_RESULTS */;
/*!40101 SET @OLD_COLLATION_CONNECTION=@@COLLATION_CONNECTION */;
/*!40101 SET NAMES utf8 */;
/*!40103 SET @OLD_TIME_ZONE=@@TIME_ZONE */;
/*!40103 SET TIME_ZONE='+00:00' */;
/*!40014 SET @OLD_UNIQUE_CHECKS=@@UNIQUE_CHECKS, UNIQUE_CHECKS=0 */;
/*!40014 SET @OLD_FOREIGN_KEY_CHECKS=@@FOREIGN_KEY_CHECKS, FOREIGN_KEY_CHECKS=0 */;
/*!40101 SET @OLD_SQL_MODE=@@SQL_MODE, SQL_MODE='NO_AUTO_VALUE_ON_ZERO' */;
/*!40111 SET @OLD_SQL_NOTES=@@SQL_NOTES, SQL_NOTES=0 */;

--
-- Current Database: `ontorave_development`
--

CREATE DATABASE /*!32312 IF NOT EXISTS*/ `ontorave_development` /*!40100 DEFAULT CHARACTER SET latin1 */;

USE `ontorave_development`;

--
-- Table structure for table `info_nodes_ref_targets_items`
--

DROP TABLE IF EXISTS `info_nodes_ref_targets_items`;
/*!40101 SET @saved_cs_client     = @@character_set_client */;
/*!40101 SET character_set_client = utf8 */;
CREATE TABLE `info_nodes_ref_targets_items` (
  `info_node_src_id` int(11) NOT NULL DEFAULT '0',
  `item_dest_id` int(11) NOT NULL DEFAULT '0',
  KEY `fk_info_nodes_ref_targets_items_did` (`item_dest_id`),
  KEY `fk_info_nodes_ref_targets_items_sid` (`info_node_src_id`),
  CONSTRAINT `fk_info_nodes_ref_targets_items_did` FOREIGN KEY (`item_dest_id`) REFERENCES `items` (`id`) ON DELETE CASCADE,
  CONSTRAINT `fk_info_nodes_ref_targets_items_sid` FOREIGN KEY (`info_node_src_id`) REFERENCES `items` (`id`) ON DELETE CASCADE
) ENGINE=InnoDB DEFAULT CHARSET=latin1;
/*!40101 SET character_set_client = @saved_cs_client */;

--
-- Dumping data for table `info_nodes_ref_targets_items`
--

LOCK TABLES `info_nodes_ref_targets_items` WRITE;
/*!40000 ALTER TABLE `info_nodes_ref_targets_items` DISABLE KEYS */;
INSERT INTO `info_nodes_ref_targets_items` VALUES (400,402),(738,742),(743,740),(746,738),(746,743),(750,736),(750,737),(772,736),(772,778),(777,736),(777,779),(781,1319),(1124,808),(1124,809),(1124,817),(1124,818),(1124,819),(1124,820),(1124,821),(1124,822),(1124,823),(1132,1003),(1132,1004),(1132,1005),(1132,1006),(1132,1007),(1132,1008),(1132,1009),(1146,912),(1146,913),(1146,914),(1146,915),(1146,916),(1146,917),(1146,918),(1156,884),(1156,886),(1156,1417),(1156,1447),(1185,979),(1185,980),(1185,981),(1185,982),(1195,1010),(1195,1011),(1195,1013),(1195,1014),(1195,1015),(1195,1429),(1203,834),(1203,835),(1203,836),(1203,837),(1203,853),(1203,1411),(1212,907),(1212,909),(1212,910),(1212,911),(1212,1423),(1217,1083),(1217,1084),(1217,1085),(1217,1086),(1217,1089),(1217,1091),(1217,1441),(1221,1151),(1221,1771),(1221,1772),(1221,1773),(1255,791),(1255,797),(1255,1250),(1255,1251),(1255,1252),(1255,1253),(1255,1254);
/*!40000 ALTER TABLE `info_nodes_ref_targets_items` ENABLE KEYS */;
UNLOCK TABLES;

--
-- Table structure for table `items`
--

DROP TABLE IF EXISTS `items`;
/*!40101 SET @saved_cs_client     = @@character_set_client */;
/*!40101 SET character_set_client = utf8 */;
CREATE TABLE `items` (
  `id` int(11) NOT NULL AUTO_INCREMENT,
  `type` varchar(64) DEFAULT NULL,
  `name` varchar(120) DEFAULT NULL,
  `created_at` datetime DEFAULT NULL,
  `updated_at` datetime DEFAULT NULL,
  `owner_info_node_id` int(11) DEFAULT NULL,
  `body` text,
  `value` varchar(120) DEFAULT NULL,
  `sort_code` int(11) DEFAULT NULL,
  `view` text,
  PRIMARY KEY (`id`),
  KEY `fk_items_info_node_info_node_id` (`owner_info_node_id`),
  KEY `item_type` (`type`),
  KEY `item_name` (`name`),
  CONSTRAINT `fk_items_owner_info_node_id` FOREIGN KEY (`owner_info_node_id`) REFERENCES `items` (`id`) ON DELETE CASCADE
) ENGINE=InnoDB AUTO_INCREMENT=1911 DEFAULT CHARSET=latin1;
/*!40101 SET character_set_client = @saved_cs_client */;

--
-- Dumping data for table `items`
--

LOCK TABLES `items` WRITE;
/*!40000 ALTER TABLE `items` DISABLE KEYS */;
INSERT INTO `items` VALUES (398,'InfoNode','AST Web Sites','2008-03-17 18:37:00','2011-01-28 23:19:35',NULL,NULL,NULL,398,''),(399,'InfoNode','David Hay','2008-03-17 18:38:23','2008-05-02 18:14:09',398,NULL,NULL,399,NULL),(400,'InfoNode','ARVC','2008-03-17 18:38:23','2008-05-02 18:14:09',398,NULL,NULL,400,NULL),(401,'InfoNode','FH Conference','2008-03-17 18:38:23','2008-05-02 18:14:09',398,NULL,NULL,401,NULL),(402,'InfoNode','Domains','2008-03-17 18:50:47','2008-05-02 18:14:09',399,NULL,NULL,402,NULL),(403,'InfoNode','DavidHaycom','2008-03-17 18:52:58','2008-05-02 18:14:10',402,NULL,NULL,403,NULL),(405,'InfoNode','PamelaHaycom','2008-03-17 18:52:58','2008-05-02 18:14:10',402,NULL,NULL,405,NULL),(406,'InfoNode','Othercom','2008-03-17 18:52:58','2008-05-02 18:14:10',402,NULL,NULL,406,NULL),(407,'Section','Needs','2008-03-17 18:55:01','2008-04-25 23:00:07',403,'Website should allow: \n* login \n* user contact info editing \n* present papers/pubs \n* record which user accessed which papers/pubs \n* allow entry of comments with approval control',NULL,407,NULL),(421,'InfoNode','domain info','2008-04-25 09:29:34','2008-05-02 18:14:10',442,NULL,NULL,421,NULL),(424,'Attribute','domain_name','2008-04-25 09:32:09','2008-04-25 23:00:07',421,NULL,'string',424,NULL),(425,'Section','Requirements','2008-04-25 09:34:00','2008-04-25 23:00:07',421,'',NULL,425,NULL),(426,'Attribute','yearly_cost','2008-04-25 09:35:22','2008-04-25 23:00:07',421,NULL,'money',426,NULL),(429,'Attribute','domain_name','2008-04-25 10:22:01','2008-04-25 23:00:07',403,NULL,'tbd',429,NULL),(430,'Attribute','yearly_cost','2008-04-25 10:22:01','2008-04-25 23:00:07',403,NULL,'tbd',430,NULL),(431,'Attribute','domain_name','2008-04-25 10:22:08','2008-04-25 23:00:07',405,NULL,'tbd',431,NULL),(432,'Attribute','yearly_cost','2008-04-25 10:22:08','2008-04-25 23:00:07',405,NULL,'tbd',432,NULL),(433,'Attribute','domain_name','2008-04-25 10:22:16','2008-04-25 23:00:07',406,NULL,'tbd',433,NULL),(434,'Attribute','yearly_cost','2008-04-25 10:22:16','2008-04-25 23:00:07',406,NULL,'tbd',434,NULL),(435,'Section','Requirements','2008-04-25 10:25:00','2008-04-25 23:00:07',406,'Hello\n* one\n* two',NULL,435,NULL),(436,'InfoNode','Sub1','2008-04-25 11:58:03','2008-05-02 18:14:10',421,NULL,NULL,436,NULL),(437,'InfoNode','Sub2','2008-04-25 11:58:03','2008-05-02 18:14:10',421,NULL,NULL,437,NULL),(442,'InfoNode','templates','2008-04-25 11:59:09','2008-05-02 18:14:10',398,NULL,NULL,442,NULL),(443,'Section','Requirements','2008-04-25 14:04:46','2008-04-25 23:00:07',403,'tbd',NULL,443,NULL),(444,'InfoNode','sub1','2008-04-25 14:04:46','2008-05-02 18:14:10',403,NULL,NULL,444,NULL),(445,'InfoNode','sub2','2008-04-25 14:04:46','2008-05-02 18:14:10',403,NULL,NULL,445,NULL),(446,'Attribute','hosting_site','2008-04-25 14:05:31','2008-04-25 23:00:07',421,NULL,'string',446,NULL),(447,'Attribute','hosting_site','2008-04-25 14:05:43','2008-04-25 23:00:07',403,NULL,'tbd',447,NULL),(457,'InfoNode','EssentialStrategiescom','2008-04-25 14:38:18','2008-05-02 18:14:10',402,NULL,NULL,457,NULL),(458,'Attribute','domain_name','2008-04-25 14:38:37','2008-04-25 23:00:07',457,NULL,'tbd',458,NULL),(459,'Attribute','hosting_site','2008-04-25 14:38:37','2008-04-25 23:00:07',457,NULL,'tbd',459,NULL),(460,'Attribute','yearly_cost','2008-04-25 14:38:37','2008-04-25 23:00:07',457,NULL,'tbd',460,NULL),(462,'InfoNode','Sub1','2008-04-25 14:38:37','2008-05-02 18:14:10',457,NULL,NULL,462,NULL),(463,'InfoNode','Sub2','2008-04-25 14:38:37','2008-05-02 18:14:10',457,NULL,NULL,463,NULL),(464,'Section','Notes','2008-04-25 16:26:01','2008-04-25 23:00:07',457,'Hmm\n\nThis could be good.\n\nWhy?\n# reason \n# rationale',NULL,464,NULL),(467,'Attribute','hosting_site','2008-04-25 17:58:15','2008-04-25 23:00:07',405,NULL,'tbd',467,NULL),(468,'Section','Requirements','2008-04-25 17:58:15','2008-04-25 23:00:07',405,'tbd',NULL,468,NULL),(469,'InfoNode','Sub1','2008-04-25 17:58:15','2008-05-02 18:14:10',405,NULL,NULL,469,NULL),(470,'InfoNode','Sub2','2008-04-25 17:58:16','2008-05-02 18:14:10',405,NULL,NULL,470,NULL),(471,'InfoNode','Micheal Pullen','2008-04-25 17:59:58','2008-05-02 18:14:10',398,NULL,NULL,471,NULL),(472,'Section','What we have for  deal','2008-04-25 18:02:07','2008-04-25 23:00:08',400,'They let me use their facilities, and I do their web site.\n\nNot a bad deal.',NULL,472,NULL),(473,'Section','Requirements','2008-04-25 20:29:26','2008-04-25 23:00:08',457,'A list:\n* first\n* second\n\nOh Boy!',NULL,473,NULL),(474,'Section','Status Notes','2008-04-25 20:48:58','2008-04-25 23:00:08',421,'',NULL,474,NULL),(475,'Section','Status Notes','2008-04-25 20:49:36','2008-04-25 23:00:08',457,'tbd',NULL,475,NULL),(476,'InfoNode','person info','2008-04-25 20:51:17','2008-05-02 18:14:10',442,NULL,NULL,476,NULL),(477,'Attribute','first_name','2008-04-25 20:54:43','2008-04-25 23:00:08',476,NULL,'string',477,NULL),(478,'Attribute','last_name','2008-04-25 20:54:43','2008-04-25 23:00:08',476,NULL,'string',478,NULL),(479,'Attribute','age','2008-04-25 20:54:43','2008-04-25 23:00:08',476,NULL,'int',479,NULL),(481,'Attribute','gender','2008-04-25 20:54:43','2008-04-25 23:00:08',476,NULL,'string',481,NULL),(485,'Attribute','first_name','2008-04-25 20:55:27','2008-06-28 18:14:37',399,NULL,'David',485,NULL),(488,'Section','Sample','2008-04-25 20:58:48','2008-04-28 00:29:59',476,'',NULL,488,NULL),(494,'Section','Sample','2008-04-25 21:23:18','2008-04-28 00:30:10',399,'This is a sample\n\nof several lines of text.',NULL,494,NULL),(496,'Attribute','age','2008-04-25 21:46:23','2008-06-28 18:14:37',399,NULL,'52',496,NULL),(497,'Attribute','gender','2008-04-25 21:46:23','2008-06-28 18:14:37',399,NULL,'Man',497,NULL),(498,'Attribute','last_name','2008-04-25 21:46:23','2008-06-28 18:14:37',399,NULL,'Hay',498,NULL),(499,'Attribute','passport','2008-04-25 21:48:00','2008-06-28 18:14:37',399,NULL,'273912643',499,NULL),(500,'Section','Notes','2008-04-25 23:00:51','2008-04-25 23:05:39',399,'',NULL,502,NULL),(501,'Section','Legal Notice','2008-04-25 23:05:08','2008-04-25 23:06:06',476,'',NULL,501,NULL),(502,'Section','Legal Notice','2008-04-25 23:05:19','2008-04-25 23:06:14',399,'',NULL,500,NULL),(537,'Attribute','a','2008-04-26 08:09:49','2008-04-26 08:09:49',401,NULL,'b',537,NULL),(538,'Section','Test','2008-04-26 08:37:30','2008-04-26 08:44:04',401,'This is a paragraph of test text.  It contains:\n\nA list\n* one \n* two\n* three\n\nA numbered list\n# first\n# second \n# third\n\nh3. A section heading\n\nWith some text under it.\n\nh3. And another \n\nWith some text also under it',NULL,538,NULL),(539,'Value','one','2008-04-26 08:37:58','2008-04-26 08:37:58',401,NULL,NULL,539,NULL),(540,'Value','two','2008-04-26 08:37:58','2008-04-26 08:37:58',401,NULL,NULL,540,NULL),(541,'Value','three','2008-04-26 08:37:58','2008-04-26 08:37:58',401,NULL,NULL,541,NULL),(543,'InfoNode','states','2008-04-26 10:47:30','2008-05-02 18:14:10',594,NULL,NULL,543,NULL),(594,'InfoNode','reference','2008-04-26 10:54:53','2008-05-02 18:14:10',398,NULL,NULL,594,NULL),(595,'InfoNode','Address','2008-04-26 10:57:00','2008-05-02 18:14:10',399,NULL,NULL,595,NULL),(596,'InfoNode','Alabama','2008-04-26 10:59:04','2008-05-02 18:14:10',543,NULL,NULL,596,NULL),(597,'InfoNode','Alaska','2008-04-26 10:59:05','2008-05-02 18:14:10',543,NULL,NULL,597,NULL),(598,'InfoNode','Arizona','2008-04-26 10:59:05','2008-05-02 18:14:10',543,NULL,NULL,598,NULL),(599,'InfoNode','Arkansas','2008-04-26 10:59:05','2008-05-02 18:14:10',543,NULL,NULL,599,NULL),(600,'InfoNode','California','2008-04-26 10:59:05','2008-05-02 18:14:10',543,NULL,NULL,600,NULL),(601,'InfoNode','Colorado','2008-04-26 10:59:05','2008-05-02 18:14:10',543,NULL,NULL,601,NULL),(602,'InfoNode','Connecticut','2008-04-26 10:59:05','2008-05-02 18:14:10',543,NULL,NULL,602,NULL),(603,'InfoNode','Delaware','2008-04-26 10:59:05','2008-05-02 18:14:10',543,NULL,NULL,603,NULL),(604,'InfoNode','Florida','2008-04-26 10:59:05','2008-05-02 18:14:10',543,NULL,NULL,604,NULL),(605,'InfoNode','Georgia','2008-04-26 10:59:05','2008-05-02 18:14:10',543,NULL,NULL,605,NULL),(606,'InfoNode','Hawaii','2008-04-26 10:59:05','2008-05-02 18:14:10',543,NULL,NULL,606,NULL),(607,'InfoNode','Idaho','2008-04-26 10:59:05','2008-05-02 18:14:10',543,NULL,NULL,607,NULL),(608,'InfoNode','Illinois','2008-04-26 10:59:05','2008-05-02 18:14:10',543,NULL,NULL,608,NULL),(609,'InfoNode','Indiana','2008-04-26 10:59:05','2008-05-02 18:14:10',543,NULL,NULL,609,NULL),(610,'InfoNode','Iowa','2008-04-26 10:59:05','2008-05-02 18:14:10',543,NULL,NULL,610,NULL),(611,'InfoNode','Kansas','2008-04-26 10:59:05','2008-05-02 18:14:10',543,NULL,NULL,611,NULL),(612,'InfoNode','Kentucky','2008-04-26 10:59:05','2008-05-02 18:14:10',543,NULL,NULL,612,NULL),(613,'InfoNode','Louisiana','2008-04-26 10:59:06','2008-05-02 18:14:10',543,NULL,NULL,613,NULL),(614,'InfoNode','Maine','2008-04-26 10:59:06','2008-05-02 18:14:10',543,NULL,NULL,614,NULL),(615,'InfoNode','Maryland','2008-04-26 10:59:06','2008-05-02 18:14:10',543,NULL,NULL,615,NULL),(616,'InfoNode','Massachusetts','2008-04-26 10:59:06','2008-05-02 18:14:10',543,NULL,NULL,616,NULL),(617,'InfoNode','Michigan','2008-04-26 10:59:06','2008-05-02 18:14:10',543,NULL,NULL,617,NULL),(618,'InfoNode','Minnesota','2008-04-26 10:59:06','2008-05-02 18:14:10',543,NULL,NULL,618,NULL),(619,'InfoNode','Mississippi','2008-04-26 10:59:06','2008-05-02 18:14:10',543,NULL,NULL,619,NULL),(620,'InfoNode','Missouri','2008-04-26 10:59:06','2008-05-02 18:14:10',543,NULL,NULL,620,NULL),(621,'InfoNode','Montana','2008-04-26 10:59:06','2008-05-02 18:14:10',543,NULL,NULL,621,NULL),(622,'InfoNode','Nebraska','2008-04-26 10:59:06','2008-05-02 18:14:10',543,NULL,NULL,622,NULL),(623,'InfoNode','Nevada','2008-04-26 10:59:06','2008-05-02 18:14:10',543,NULL,NULL,623,NULL),(624,'InfoNode','New Hampshire','2008-04-26 10:59:06','2008-05-02 18:14:10',543,NULL,NULL,624,NULL),(625,'InfoNode','New Jersey','2008-04-26 10:59:06','2008-05-02 18:14:10',543,NULL,NULL,625,NULL),(626,'InfoNode','New Mexico','2008-04-26 10:59:06','2008-05-02 18:14:10',543,NULL,NULL,626,NULL),(627,'InfoNode','New York','2008-04-26 10:59:06','2008-05-02 18:14:10',543,NULL,NULL,627,NULL),(628,'InfoNode','North Carolina','2008-04-26 10:59:06','2008-05-02 18:14:10',543,NULL,NULL,628,NULL),(629,'InfoNode','North Dakota','2008-04-26 10:59:07','2008-05-02 18:14:11',543,NULL,NULL,629,NULL),(630,'InfoNode','Ohio','2008-04-26 10:59:07','2008-05-02 18:14:11',543,NULL,NULL,630,NULL),(631,'InfoNode','Oklahoma','2008-04-26 10:59:07','2008-05-02 18:14:11',543,NULL,NULL,631,NULL),(632,'InfoNode','Oregon','2008-04-26 10:59:07','2008-05-02 18:14:11',543,NULL,NULL,632,NULL),(633,'InfoNode','Pennsylvania','2008-04-26 10:59:07','2008-05-02 18:14:11',543,NULL,NULL,633,NULL),(634,'InfoNode','Rhode Island','2008-04-26 10:59:07','2008-05-02 18:14:11',543,NULL,NULL,634,NULL),(635,'InfoNode','South Carolina','2008-04-26 10:59:07','2008-05-02 18:14:11',543,NULL,NULL,635,NULL),(636,'InfoNode','South Dakota','2008-04-26 10:59:07','2008-05-02 18:14:11',543,NULL,NULL,636,NULL),(637,'InfoNode','Tennessee','2008-04-26 10:59:07','2008-05-02 18:14:11',543,NULL,NULL,637,NULL),(638,'InfoNode','Texas','2008-04-26 10:59:07','2008-05-02 18:14:11',543,NULL,NULL,638,NULL),(639,'InfoNode','Utah','2008-04-26 10:59:07','2008-05-02 18:14:11',543,NULL,NULL,639,NULL),(640,'InfoNode','Vermont','2008-04-26 10:59:07','2008-05-02 18:14:11',543,NULL,NULL,640,NULL),(641,'InfoNode','Virginia','2008-04-26 10:59:07','2008-05-02 18:14:11',543,NULL,NULL,641,NULL),(642,'InfoNode','Washington','2008-04-26 10:59:08','2008-05-02 18:14:11',543,NULL,NULL,642,NULL),(643,'InfoNode','West Virginia','2008-04-26 10:59:08','2008-05-02 18:14:11',543,NULL,NULL,643,NULL),(644,'InfoNode','Wisconsin','2008-04-26 10:59:08','2008-05-02 18:14:11',543,NULL,NULL,644,NULL),(645,'InfoNode','Wyoming','2008-04-26 10:59:08','2008-05-02 18:14:11',543,NULL,NULL,645,NULL),(647,'Attribute','city','2008-04-26 11:01:17','2008-04-26 11:01:17',595,NULL,'Houston',647,NULL),(648,'Attribute','state','2008-04-26 11:01:17','2008-04-26 11:01:17',595,NULL,'Texas',648,NULL),(650,'InfoNode','address info','2008-04-26 11:03:00','2008-05-02 18:14:11',442,NULL,NULL,650,NULL),(652,'Attribute','city','2008-04-26 11:03:36','2008-04-26 11:03:36',650,NULL,'string',652,NULL),(653,'Attribute','state','2008-04-26 11:03:36','2008-04-26 11:03:36',650,NULL,'string',653,NULL),(654,'Attribute','addr2','2008-04-26 11:03:54','2008-04-26 11:03:54',650,NULL,'string',654,NULL),(656,'Attribute','addr2','2008-04-26 11:05:30','2008-04-26 11:05:30',595,NULL,'',656,NULL),(667,'InfoNode','Hosting','2008-04-26 16:25:23','2008-05-02 18:14:11',NULL,NULL,NULL,667,'<h3>A Custom View</h3>\n\n<h4>Me as a Node List </h4>\n<%= labeled_node_list @node %>\n\n<% for ls in @sub_nodes do %>\n  <h4><%=ls.name%></h4>\n  <%= labeled_node_list(ls) %>\n<% end %>'),(668,'InfoNode','templates','2008-04-26 21:35:36','2008-05-02 18:14:11',675,NULL,NULL,668,NULL),(669,'InfoNode','client template','2008-04-26 21:36:04','2008-05-02 18:14:11',668,NULL,NULL,669,NULL),(670,'InfoNode','service','2008-04-26 21:36:05','2008-05-02 18:14:11',668,NULL,NULL,670,NULL),(671,'Attribute','name','2008-04-26 21:37:56','2008-04-26 21:37:56',669,NULL,'string',671,NULL),(672,'Attribute','email','2008-04-26 21:37:56','2008-04-26 21:37:56',669,NULL,'string',672,NULL),(673,'Section','Requirements','2008-04-26 21:38:14','2008-04-26 21:38:14',669,'',NULL,673,NULL),(674,'InfoNode','Clients','2008-04-26 21:49:06','2008-05-02 18:14:11',667,NULL,NULL,674,NULL),(675,'InfoNode','system things','2008-04-26 21:50:37','2008-05-02 18:14:11',667,NULL,NULL,675,NULL),(677,'InfoNode','David Hay','2008-04-26 21:54:03','2008-05-02 18:14:11',674,NULL,NULL,677,NULL),(678,'InfoNode','ARVC','2008-04-26 21:54:03','2008-05-02 18:14:11',674,NULL,NULL,678,NULL),(679,'InfoNode','Tirvi','2008-04-26 21:54:03','2008-05-02 18:14:11',674,NULL,NULL,679,NULL),(680,'Attribute','email','2008-04-26 21:54:40','2008-04-26 21:59:33',677,NULL,'dave@davehay.com',680,NULL),(681,'Attribute','name','2008-04-26 21:54:40','2008-04-26 21:59:33',677,NULL,'Dave',681,NULL),(682,'Section','Requirements','2008-04-26 21:54:40','2008-06-28 12:43:24',677,'Requirements\n# do this \n# do that\n# another one',NULL,682,NULL),(685,'Attribute','tel_no','2008-04-26 22:00:35','2008-04-26 22:00:35',669,NULL,'string',685,NULL),(686,'Attribute','tel_no','2008-04-26 22:00:55','2008-04-26 22:00:55',677,NULL,'',686,NULL),(687,'Attribute','family_site','2008-04-26 22:03:24','2008-04-26 22:31:08',677,NULL,'http://www.pamelahay.com',687,NULL),(688,'InfoNode','payments','2008-04-26 22:12:00','2008-05-02 18:14:11',669,NULL,NULL,688,NULL),(689,'InfoNode','services','2008-04-26 22:12:00','2008-05-02 18:14:11',669,NULL,NULL,689,NULL),(690,'InfoNode','payments','2008-04-26 22:12:26','2008-05-02 18:14:11',677,NULL,NULL,690,NULL),(691,'InfoNode','services','2008-04-26 22:12:26','2008-05-02 18:14:11',677,NULL,NULL,691,NULL),(693,'Attribute','email','2008-04-27 18:53:57','2008-04-27 18:53:57',678,NULL,'',693,NULL),(694,'Attribute','name','2008-04-27 18:53:57','2008-04-27 18:53:57',678,NULL,'',694,NULL),(695,'Attribute','tel_no','2008-04-27 18:53:57','2008-04-27 18:53:57',678,NULL,'',695,NULL),(696,'Section','Requirements','2008-04-27 18:53:57','2008-04-27 18:53:58',678,'',NULL,696,NULL),(697,'InfoNode','payments','2008-04-27 18:53:58','2008-05-02 18:14:11',678,NULL,NULL,697,NULL),(698,'InfoNode','services','2008-04-27 18:53:58','2008-05-02 18:14:11',678,NULL,NULL,698,NULL),(699,'Attribute','cost_per_year','2008-04-27 18:54:52','2008-04-27 18:54:52',669,NULL,'money',699,NULL),(700,'Attribute','cost_per_year','2008-04-27 18:55:13','2008-04-27 18:56:26',678,NULL,'0.0',700,NULL),(701,'Attribute','cost_per_year','2008-04-27 18:58:45','2008-04-27 18:59:16',679,NULL,'0.0',701,NULL),(702,'Attribute','email','2008-04-27 18:58:45','2008-04-27 18:58:45',679,NULL,'',702,NULL),(703,'Attribute','name','2008-04-27 18:58:45','2008-04-27 18:58:46',679,NULL,'',703,NULL),(704,'Attribute','tel_no','2008-04-27 18:58:46','2008-04-27 18:58:46',679,NULL,'',704,NULL),(705,'Section','Requirements','2008-04-27 18:58:46','2008-04-27 18:58:46',679,'',NULL,705,NULL),(706,'InfoNode','payments','2008-04-27 18:58:46','2008-05-02 18:14:11',679,NULL,NULL,706,NULL),(707,'InfoNode','services','2008-04-27 18:58:46','2008-05-02 18:14:11',679,NULL,NULL,707,NULL),(708,'InfoNode','view test','2008-04-27 19:00:30','2008-05-02 18:14:11',675,NULL,NULL,708,'<h3><%= @node.name.humanize %></h3>\n\n<hr />\n\n<div style=\"width:29%\">\n<%= labeled_node_list \"Friends\", :label_background => \'maroon\' %>\n</div>\n\n<div style=\"margin-top:10px; width:29%\">\n<%= labeled_value_list @node, :label => \'Greetings\' %>\n</div>\n\n<p>\n<% for item in @docs.select{|d| d.name.downcase != \"view\"} do %>\n   <h3><%=item.name%></h3>\n   <div><%=rc_format(item.body)%></div>\n<% end %>\n</p>'),(713,'Section','This is a doc section','2008-04-27 19:07:53','2008-04-27 19:07:59',708,'Textile is a lightweight markup language originally developed by Dean Allen and billed as a \"humane Web text generator\". Textile converts its marked-up text input to valid, well-formed XHTML and also inserts character entity references for apostrophes, opening and closing single and double quotation marks, ellipses and em dashes.\n\nTextile was originally implemented in PHP, but has been translated into other programming languages including Perl, Python, Ruby, ASP, Java and C#.\n\nTextile is distributed under a BSD-style license and is included with, or available as a plugin for, several content-management systems.\n\nVersion 2.0 beta was released in 2004 as part of the Textpattern content management system.\n\nVersion 2.0 was released in 2006.',NULL,712,NULL),(722,'Attribute','cost_per_year','2008-04-27 20:53:17','2008-04-27 20:54:01',677,NULL,'$250',722,NULL),(723,'Attribute','email','2008-04-28 00:23:22','2008-06-28 18:14:37',399,NULL,'dch@essentialstrategies.com',723,NULL),(724,'Attribute','addr1','2008-04-28 00:25:37','2008-04-28 00:25:37',650,NULL,'string',724,NULL),(725,'Attribute','addr1','2008-04-28 00:26:07','2008-04-28 00:26:22',595,NULL,'123 street name way',725,NULL),(727,'Value','Hello','2008-04-28 09:21:19','2008-04-28 09:21:19',708,NULL,NULL,727,NULL),(728,'Value','Hi','2008-04-28 09:21:19','2008-04-28 09:21:19',708,NULL,NULL,728,NULL),(729,'Value','What\'s up','2008-04-28 09:21:19','2008-04-28 09:21:19',708,NULL,NULL,729,NULL),(730,'Value','wild_fred@emc.com','2008-04-28 09:32:18','2008-04-28 09:32:18',708,NULL,NULL,730,NULL),(733,'InfoNode','BusinessTerminology','2008-04-30 08:13:43','2008-05-02 18:14:11',NULL,NULL,NULL,733,NULL),(734,'InfoNode','Business Terms','2008-04-30 08:14:21','2008-05-02 18:14:11',733,NULL,NULL,734,NULL),(735,'InfoNode','Insurance Program','2008-04-30 08:14:47','2008-05-02 18:14:11',734,NULL,NULL,735,NULL),(736,'InfoNode','Insurance','2008-04-30 08:15:23','2008-05-02 18:14:11',744,NULL,NULL,736,''),(737,'InfoNode','Program','2008-04-30 08:15:23','2008-05-02 18:14:11',744,NULL,NULL,737,''),(738,'InfoNode','Ins','2008-04-30 08:16:42','2008-05-02 18:14:11',745,NULL,NULL,738,NULL),(739,'InfoNode','Abbreviation Types','2008-04-30 08:18:48','2008-05-02 18:14:11',733,NULL,NULL,739,NULL),(740,'InfoNode','Oracle','2008-04-30 08:19:27','2008-05-02 18:14:11',739,NULL,NULL,740,NULL),(741,'InfoNode','SQL Server','2008-04-30 08:19:27','2008-05-02 18:14:11',739,NULL,NULL,741,NULL),(742,'InfoNode','Business','2008-04-30 08:19:27','2008-05-02 18:14:11',739,NULL,NULL,742,NULL),(743,'InfoNode','INS','2008-04-30 08:22:02','2008-05-02 18:14:11',745,NULL,NULL,743,NULL),(744,'InfoNode','Business Words','2008-04-30 08:25:41','2008-05-02 18:14:11',733,NULL,NULL,744,NULL),(745,'InfoNode','Abbreviations','2008-04-30 08:26:13','2008-05-02 18:14:11',733,NULL,NULL,745,NULL),(746,'InfoNode','Abbreviations','2008-04-30 09:21:33','2008-05-02 18:14:11',736,NULL,NULL,746,NULL),(747,'InfoNode','templates','2008-04-30 09:22:57','2008-05-02 18:14:11',733,NULL,NULL,747,NULL),(748,'InfoNode','bus word info','2008-04-30 09:23:18','2008-05-02 18:14:11',747,NULL,NULL,748,'<h1 name=\"hlist_name\" id=\"hlist_name\" style=\"color:maroon; margin-botom:8px;\">\n<%=@node.name%>\n</h1>\n\n<div>\n\n<div style=\"float:left; width:45%; margin:10px;\">\n<%= labeled_node_list \"Abbreviations\" %>\n</div>\n\n<% \n  words = @in_refs.select{|rn| rn.name == \"Words\"}\n  terms = words.collect{|ref| ref.parent}\n%>\n\n<div style=\"float:left; width:45%; margin:10px;\">\n<%= labeled_node_list terms, {:label => \'Used In Terms\'} %>\n</div>\n\n</div>'),(749,'InfoNode','Abbreviations','2008-04-30 09:23:47','2008-05-02 18:14:11',748,NULL,NULL,749,NULL),(750,'InfoNode','Words','2008-04-30 09:25:51','2008-05-02 18:14:11',735,NULL,NULL,750,NULL),(751,'InfoNode','bus term info','2008-04-30 09:29:45','2008-05-04 14:09:27',747,NULL,NULL,751,'<h1 style=\"color:maroon;\"><%=@node.name%></h1>\r\n\r\n<div style=\"float:left; width:30%; margin:10px;\">\r\n	<%= labeled_node_list \"Words\"%>\r\n</div>\r\n\r\n\r\n<div style=\"float:left; width:30%; margin:10px;\">\r\n	\r\n<div style=\" border:solid 1px black;\">\r\n	<div style=\"padding:0px 3px 0px 3px; color:white; background:navy; border-bottom:solid 1px black;\">\r\n		Attributes\r\n	</div>\r\n	<div style=\"padding:1px 3px 0px 3px; color:black; background:white;\">\r\n		<% for attr in @attributes %>\r\n			<p style=\"margin:0px; padding:0px;\"><%=attr.name%> : <%=attr.value%></p>\r\n		<% end %>\r\n	</div>\r\n</div>\r\n\r\n</div>\r\n\r\n\r\n<div style=\"float:left; width:30%; margin:10px;\">\r\n\r\n<%\r\n  words = @node.get_subnodes_of(\"Words\")\r\n  words_nodes = referrers_to(words)\r\n  others = parents_of(words_nodes)\r\n  related_terms = others.delete_if {|node| node == @node}  \r\n%>\r\n\r\n<%= labeled_node_list related_terms, :label => \'Related Terms\' %>\r\n\r\n</div>\r\n\r\n<div style=\"float:right; width:25%; margin-right:30px; margin-top:20px;\">\r\n\r\n<h3><%= link_to \"All Business Terms\", url_show(@node.parent) %></h3>\r\n\r\n<div style=\"width:100%; padding:4px; background:transparent; border:solid 1px black; height:2in; overflow:auto;\">\r\n    <% for item in elements_with_all_tags(\"is_bus_term\").sort{|i1,i2| i1.iname <=> i2.iname} do %>\r\n             <p style=\"background:transparent; margin:0px 0px 0px 10px;\">\r\n             <%= link_to item.iname, :action => \'show_element\', :id => item %>\r\n             </p>\r\n    <% end %>\r\n</div>\r\n\r\n</div>\r\n\r\n\r\n<div class=\"docs\" style=\"float:left; width:65%;\">\r\n       <% for doc in @docs do %>\r\n		<div class=\"view_doc\">\r\n			<div class=\"view_doc_name\"><%=doc.name%></div>\r\n			<div class=\"view_doc_body\"><%=rc_format(doc.body)%></div>\r\n		</div>\r\n	<% end %>\r\n</div>\r\n\r\n       '),(752,'InfoNode','Words','2008-04-30 09:31:06','2008-05-02 18:14:12',751,NULL,NULL,752,NULL),(753,'Section','Business Definition','2008-04-30 09:35:17','2008-04-30 09:35:17',751,'',NULL,753,NULL),(755,'Attribute','Approved Acronym','2008-04-30 09:36:29','2008-04-30 23:54:14',751,NULL,'string',755,NULL),(756,'Section','Comments','2008-04-30 09:37:31','2008-04-30 09:37:31',751,'',NULL,756,NULL),(757,'Attribute','Approved Acronym','2008-04-30 09:38:01','2008-05-01 00:01:32',735,NULL,'IP',757,NULL),(759,'Section','Business Definition','2008-04-30 09:38:02','2008-04-30 19:36:02',735,'A program that has something to do with insurance.  Duh?  :-)',NULL,759,NULL),(760,'Section','Comments','2008-04-30 09:38:02','2008-05-01 01:09:42',735,'Review remarks:\n* Seems rather obvious\n* Ho hum\n* Zzzzzzzzz',NULL,760,NULL),(761,'Attribute','Corporate Glossary','2008-04-30 09:45:38','2008-04-30 23:54:14',751,NULL,'boolean',761,NULL),(762,'Attribute','Corporate Glossary','2008-04-30 09:46:25','2008-05-01 00:01:32',735,NULL,'Yes',762,NULL),(764,'InfoNode','Abbreviations','2008-04-30 12:33:40','2008-05-02 18:14:12',737,NULL,NULL,764,NULL),(765,'InfoNode','Top','2008-04-30 13:50:46','2008-05-02 18:14:12',NULL,NULL,NULL,765,NULL),(766,'InfoNode','Insurance Policy','2008-04-30 17:07:56','2008-05-02 18:14:12',734,NULL,NULL,766,NULL),(767,'InfoNode','Insurance Coverage','2008-04-30 17:07:56','2008-05-02 18:14:12',734,NULL,NULL,767,NULL),(768,'Attribute','Approved Acronym','2008-04-30 17:09:06','2008-04-30 17:09:06',767,NULL,'',768,NULL),(769,'Attribute','Corporate Glossary','2008-04-30 17:09:06','2008-04-30 17:09:06',767,NULL,'',769,NULL),(770,'Section','Business Definition','2008-04-30 17:09:06','2008-04-30 17:09:06',767,'',NULL,770,NULL),(771,'Section','Comments','2008-04-30 17:09:06','2008-04-30 17:09:06',767,'',NULL,771,NULL),(772,'InfoNode','Words','2008-04-30 17:09:06','2008-05-02 18:14:12',767,NULL,NULL,772,NULL),(773,'Attribute','Approved Acronym','2008-04-30 17:10:03','2008-05-01 00:10:57',766,NULL,'IPCY',773,NULL),(774,'Attribute','Corporate Glossary','2008-04-30 17:10:04','2008-05-01 00:10:57',766,NULL,'Yes',774,NULL),(775,'Section','Business Definition','2008-04-30 17:10:04','2008-04-30 17:10:04',766,'',NULL,775,NULL),(776,'Section','Comments','2008-04-30 17:10:04','2008-04-30 17:10:04',766,'',NULL,776,NULL),(777,'InfoNode','Words','2008-04-30 17:10:04','2008-05-02 18:14:12',766,NULL,NULL,777,NULL),(778,'InfoNode','Coverage','2008-04-30 17:13:55','2008-05-02 18:14:12',744,NULL,NULL,778,NULL),(779,'InfoNode','Policy','2008-04-30 17:13:55','2008-05-02 18:14:12',744,NULL,NULL,779,NULL),(780,'InfoNode','Abbreviations','2008-04-30 17:17:19','2008-05-02 18:14:12',779,NULL,NULL,780,NULL),(781,'InfoNode','Church','2008-04-30 23:03:27','2008-06-26 13:29:20',NULL,NULL,NULL,781,'<h2 style=\"color:maroon;\"> Hingham Stake Information Base <h2>\n\n<div style=\"color:black;\">\n\n<div style=\"float:right; margin-right:1%; height:3in; overflow:auto; margin-top:12px; padding:10px; border:solid 1px wheat;\">\n   <h3> Units</h3>\n   <%= table_of_subnodes \"Units\" %>\n</div>\n\n<div style=\"float:right; margin-right:1%; height:3in; overflow:auto; margin-top:12px; padding:10px; border:solid 1px wheat;\">\n   <h3> Action Item Categories</h3>\n   <%= table_of_subnodes @node.get_subnodes_of(\"Action Items\") %>\n</div>\n\n<% for view in @sub_nodes.select{ |vn| vn.has_tag?(\'_is_view\') } %>\n   <%= link_to \"<h3>#{view.iname}</h3>\", :id => view %>\n<% end %>\n\n<p class=\"spacer\"><!-- not blank --></p>\n\n</div>'),(782,'InfoNode','Units','2008-05-01 15:16:38','2008-06-26 13:42:58',781,NULL,NULL,782,'\n<h3>Units</h3>\n\n<% for unit in @sub_nodes %>\n\n   <%= link_to \"<h3>#{unit.iname}</h3>\", :id => unit %>\n\n<% end %>'),(783,'InfoNode','Action Items','2008-05-01 15:16:38','2008-05-02 18:14:12',781,NULL,NULL,783,NULL),(784,'InfoNode','People','2008-05-01 15:16:00','2008-07-11 10:30:01',781,NULL,NULL,784,'<h3>Stake and Ward Leadership Members</h3>\r\n\r\n<%= table_of_subnodes @node, :order_by => \'Calling\', \r\n:select => [\"Name\",\"Calling\",\"Email\"] %>\r\n'),(785,'InfoNode','_templates','2008-05-01 15:16:38','2008-05-02 18:14:12',781,NULL,NULL,785,NULL),(786,'InfoNode','person info','2008-05-01 16:19:10','2008-05-06 22:06:21',785,NULL,NULL,786,'<h2><%= @node.name %></h2>\n\n<table>\n<%= attr_rows_for(@node) %>\n</table>'),(787,'Attribute','First Name','2008-05-01 16:20:37','2008-05-01 16:20:37',786,NULL,'string',787,NULL),(788,'Attribute','Last Name','2008-05-01 16:20:37','2008-05-01 16:20:37',786,NULL,'string',788,NULL),(791,'InfoNode','Fred Wild','2008-05-01 16:24:35','2008-05-02 18:14:12',784,NULL,NULL,791,NULL),(792,'InfoNode','person list','2008-05-01 16:25:56','2008-05-02 18:14:12',785,NULL,NULL,792,NULL),(795,'Attribute','Email','2008-05-02 08:43:38','2008-05-02 08:43:47',786,NULL,'string',795,NULL),(797,'InfoNode','Leif Erickson','2008-05-02 08:44:13','2008-05-02 18:14:12',784,NULL,NULL,797,NULL),(801,'Attribute','Email','2008-05-02 08:44:54','2008-05-02 19:17:51',791,NULL,'fredwild@gmail.com',801,NULL),(802,'Attribute','First Name','2008-05-02 08:44:54','2008-05-02 19:17:51',791,NULL,'Fred',802,NULL),(803,'Attribute','Last Name','2008-05-02 08:44:55','2008-05-02 19:17:51',791,NULL,'Wild',803,NULL),(804,'Attribute','Email','2008-05-02 08:45:27','2008-05-05 00:55:02',797,NULL,'president@hinghamstake.org',804,NULL),(805,'Attribute','First Name','2008-05-02 08:45:27','2008-05-05 00:55:02',797,NULL,'Leif',805,NULL),(806,'Attribute','Last Name','2008-05-02 08:45:27','2008-05-05 00:55:02',797,NULL,'Erickson',806,NULL),(807,'Attribute','Calling','2008-05-02 09:40:54','2008-05-02 19:17:51',791,NULL,'Assistant Stake Clerk (finance)',807,NULL),(808,'InfoNode','Tom Badstubner','2008-05-02 15:58:08','2008-05-02 18:14:12',784,NULL,NULL,808,NULL),(809,'InfoNode','Gregory Moessing','2008-05-02 15:58:08','2008-05-02 18:14:12',784,NULL,NULL,809,NULL),(810,'Attribute','Email','2008-05-02 15:58:14','2008-05-02 18:28:21',809,NULL,'gmoessing@netscape.net',810,NULL),(811,'Attribute','First Name','2008-05-02 15:58:14','2008-05-02 18:28:21',809,NULL,'Greg',811,NULL),(812,'Attribute','Last Name','2008-05-02 15:58:14','2008-05-02 18:28:21',809,NULL,'Moessing',812,NULL),(813,'Attribute','Phone','2008-05-02 15:59:53','2008-05-02 15:59:53',786,NULL,'string',813,NULL),(814,'Attribute','Phone','2008-05-02 16:00:05','2008-05-02 18:28:21',809,NULL,'508-528-4688 ',814,NULL),(815,'Attribute','Phone','2008-05-02 16:02:00','2008-05-02 19:17:51',791,NULL,'401-465-5269',815,NULL),(816,'Attribute','Calling','2008-05-02 16:02:26','2008-05-02 16:02:26',786,NULL,'string',816,NULL),(817,'InfoNode','Frank Truscott','2008-05-02 16:07:12','2008-05-02 18:14:12',784,NULL,NULL,817,NULL),(818,'InfoNode','Pavel Kruchek','2008-05-02 16:07:12','2008-06-24 17:21:05',784,NULL,NULL,818,NULL),(819,'InfoNode','Bart Byerly','2008-05-02 16:07:12','2008-05-02 22:07:17',784,NULL,NULL,819,'<%= what_links_here @node, :label => \'What Links Here\' %>'),(820,'InfoNode','Kent Andrews','2008-05-02 16:07:12','2008-06-24 17:22:03',784,NULL,NULL,820,NULL),(821,'InfoNode','Walter Zagieboylo','2008-05-02 16:07:12','2008-05-06 22:05:54',784,NULL,NULL,821,''),(822,'InfoNode','Chris Doughty','2008-05-02 16:07:12','2008-05-02 18:14:12',784,NULL,NULL,822,NULL),(823,'InfoNode','Jacob Peterson','2008-05-02 16:07:13','2008-05-02 18:14:12',784,NULL,NULL,823,NULL),(824,'Attribute','Calling','2008-05-02 16:07:34','2008-05-02 16:10:51',819,NULL,'Ward Clerk',824,NULL),(825,'Attribute','Email','2008-05-02 16:07:34','2008-05-02 16:10:51',819,NULL,'bart.byerly@genzyme.com',825,NULL),(826,'Attribute','First Name','2008-05-02 16:07:34','2008-05-02 16:10:51',819,NULL,'Bart',826,NULL),(827,'Attribute','Last Name','2008-05-02 16:07:35','2008-05-02 16:10:51',819,NULL,'Byerly',827,NULL),(828,'Attribute','Phone','2008-05-02 16:07:35','2008-05-02 16:10:51',819,NULL,'508-668-6496',828,NULL),(829,'Attribute','Calling','2008-05-02 16:08:54','2008-05-02 16:10:33',822,NULL,'Bishopric, 3rd Counselor (YSA)',829,NULL),(830,'Attribute','Email','2008-05-02 16:08:55','2008-05-02 16:10:33',822,NULL,'cgdoughty@aol.com',830,NULL),(831,'Attribute','First Name','2008-05-02 16:08:55','2008-05-02 16:10:33',822,NULL,'Chris',831,NULL),(832,'Attribute','Last Name','2008-05-02 16:08:55','2008-05-02 16:10:33',822,NULL,'Doughty',832,NULL),(833,'Attribute','Phone','2008-05-02 16:08:55','2008-05-02 16:10:33',822,NULL,'508-883-8781',833,NULL),(834,'InfoNode','John Hodurski','2008-05-02 16:10:34','2008-05-02 18:14:12',784,NULL,NULL,834,NULL),(835,'InfoNode','Michael Sugarman','2008-05-02 16:10:35','2008-05-02 18:14:12',784,NULL,NULL,835,NULL),(836,'InfoNode','John Biega','2008-05-02 16:10:35','2008-05-02 18:14:12',784,NULL,NULL,836,NULL),(837,'InfoNode','Doug Corb','2008-05-02 16:10:35','2008-05-02 18:14:12',784,NULL,NULL,837,NULL),(838,'Attribute','Calling','2008-05-02 16:11:05','2008-05-02 16:21:57',837,NULL,'Branch Clerk',838,NULL),(839,'Attribute','Email','2008-05-02 16:11:05','2008-05-02 16:21:57',837,NULL,'corb.doug@epa.gov',839,NULL),(840,'Attribute','First Name','2008-05-02 16:11:05','2008-05-02 16:21:57',837,NULL,'Doug',840,NULL),(841,'Attribute','Last Name','2008-05-02 16:11:05','2008-05-02 16:21:57',837,NULL,'Corb',841,NULL),(842,'Attribute','Phone','2008-05-02 16:11:06','2008-05-02 16:21:57',837,NULL,'508-432-4956 ',842,NULL),(843,'Attribute','Calling','2008-05-02 16:11:42','2008-05-02 16:12:51',817,NULL,'Bishopric, 2nd Counselor',843,NULL),(844,'Attribute','Email','2008-05-02 16:11:42','2008-05-02 16:12:51',817,NULL,'frank.truscott@iai.com',844,NULL),(845,'Attribute','First Name','2008-05-02 16:11:42','2008-05-02 16:12:51',817,NULL,'Frank',845,NULL),(846,'Attribute','Last Name','2008-05-02 16:11:42','2008-05-02 16:12:51',817,NULL,'Truscott',846,NULL),(847,'Attribute','Phone','2008-05-02 16:11:42','2008-05-02 16:12:51',817,NULL,'508-735-2577',847,NULL),(848,'Attribute','Calling','2008-05-02 16:13:10','2008-05-02 16:15:34',820,NULL,'Assistant Ward Clerk (membership)',848,NULL),(849,'Attribute','Email','2008-05-02 16:13:10','2008-05-02 16:15:34',820,NULL,'kanda97@aol.com',849,NULL),(850,'Attribute','First Name','2008-05-02 16:13:10','2008-05-02 16:15:35',820,NULL,'Kent',850,NULL),(851,'Attribute','Last Name','2008-05-02 16:13:10','2008-05-02 16:15:35',820,NULL,'Andrews',851,NULL),(852,'Attribute','Phone','2008-05-02 16:13:10','2008-05-02 16:15:35',820,NULL,'508-384-0049',852,NULL),(853,'InfoNode','Paul Spencer','2008-05-02 16:13:27','2008-05-02 18:14:12',784,NULL,NULL,853,NULL),(854,'Attribute','Calling','2008-05-02 16:13:31','2008-05-02 16:14:18',818,NULL,'Ward Executive Secretary',854,NULL),(855,'Attribute','Email','2008-05-02 16:13:31','2008-05-02 16:14:19',818,NULL,'pkexecsec@gmail.com',855,NULL),(856,'Attribute','First Name','2008-05-02 16:13:31','2008-05-02 16:14:19',818,NULL,'Pavel',856,NULL),(857,'Attribute','Last Name','2008-05-02 16:13:31','2008-05-02 16:14:19',818,NULL,'Kruchek',857,NULL),(858,'Attribute','Phone','2008-05-02 16:13:31','2008-05-02 16:14:19',818,NULL,'508-528-1160',858,NULL),(859,'Attribute','Calling','2008-05-02 16:14:23','2008-05-02 16:17:48',834,NULL,'Branch Presidency, 1st Counselor:',859,NULL),(860,'Attribute','Email','2008-05-02 16:14:23','2008-05-02 16:17:48',834,NULL,'jahodo@gis.net',860,NULL),(861,'Attribute','First Name','2008-05-02 16:14:23','2008-05-02 16:17:48',834,NULL,'John',861,NULL),(862,'Attribute','Last Name','2008-05-02 16:14:23','2008-05-02 16:17:48',834,NULL,'Hodurski',862,NULL),(863,'Attribute','Phone','2008-05-02 16:14:23','2008-05-02 16:17:48',834,NULL,'508-394-0413',863,NULL),(864,'Attribute','Calling','2008-05-02 16:16:08','2008-05-02 16:17:12',821,NULL,'Assistant Ward Clerk (finance)',864,NULL),(865,'Attribute','Email','2008-05-02 16:16:08','2008-05-02 16:17:12',821,NULL,'wzagieboylo@msn.com',865,NULL),(866,'Attribute','First Name','2008-05-02 16:16:09','2008-05-02 16:17:12',821,NULL,'Walter',866,NULL),(867,'Attribute','Last Name','2008-05-02 16:16:09','2008-05-02 16:17:12',821,NULL,'Zagieboylo',867,NULL),(868,'Attribute','Phone','2008-05-02 16:16:09','2008-05-02 16:17:12',821,NULL,'508-520-8760',868,NULL),(869,'Attribute','Calling','2008-05-02 16:17:39','2008-05-02 16:18:26',823,NULL,'YSA Executive Secretary',869,NULL),(870,'Attribute','Email','2008-05-02 16:17:40','2008-05-02 16:18:26',823,NULL,'japeterson@deloitte.com',870,NULL),(871,'Attribute','First Name','2008-05-02 16:17:40','2008-05-02 16:18:26',823,NULL,'Jacob',871,NULL),(872,'Attribute','Last Name','2008-05-02 16:17:40','2008-05-02 16:18:26',823,NULL,'Peterson',872,NULL),(873,'Attribute','Phone','2008-05-02 16:17:40','2008-05-02 16:18:26',823,NULL,'',873,NULL),(874,'Attribute','Calling','2008-05-02 16:18:12','2008-05-02 16:18:53',835,NULL,'Branch Presidency, 2nd Counselor',874,NULL),(875,'Attribute','Email','2008-05-02 16:18:13','2008-05-02 16:18:53',835,NULL,'',875,NULL),(876,'Attribute','First Name','2008-05-02 16:18:13','2008-05-02 16:18:53',835,NULL,'Micheal',876,NULL),(877,'Attribute','Last Name','2008-05-02 16:18:13','2008-05-02 16:18:53',835,NULL,'Sugarman',877,NULL),(878,'Attribute','Phone','2008-05-02 16:18:13','2008-05-02 16:18:53',835,NULL,'508-398-5298 ',878,NULL),(879,'Attribute','Calling','2008-05-02 16:19:19','2008-05-02 16:20:37',836,NULL,'Branch Executive Secretary:',879,NULL),(880,'Attribute','Email','2008-05-02 16:19:19','2008-05-02 16:20:37',836,NULL,'',880,NULL),(881,'Attribute','First Name','2008-05-02 16:19:19','2008-05-02 16:20:37',836,NULL,'John',881,NULL),(882,'Attribute','Last Name','2008-05-02 16:19:19','2008-05-02 16:20:37',836,NULL,'Biega',882,NULL),(883,'Attribute','Phone','2008-05-02 16:19:19','2008-05-02 16:20:37',836,NULL,'(508) 398-5065',883,NULL),(884,'InfoNode','Jim Powell','2008-05-02 16:21:08','2008-05-02 18:14:12',784,NULL,NULL,884,NULL),(885,'InfoNode','Izaias Filho Silva','2008-05-02 16:21:08','2008-05-02 18:14:12',784,NULL,NULL,885,NULL),(886,'InfoNode','Chad Card','2008-05-02 16:21:08','2008-05-02 18:14:12',784,NULL,NULL,886,NULL),(887,'Attribute','Calling','2008-05-02 16:21:19','2008-06-24 17:28:57',886,NULL,'Branch Presidency, 1st Counselor',887,NULL),(888,'Attribute','Email','2008-05-02 16:21:19','2008-06-24 17:28:57',886,NULL,'capocard33@yahoo.com',888,NULL),(889,'Attribute','First Name','2008-05-02 16:21:19','2008-06-24 17:28:57',886,NULL,'Chad',889,NULL),(890,'Attribute','Last Name','2008-05-02 16:21:20','2008-06-24 17:28:57',886,NULL,'Card',890,NULL),(891,'Attribute','Phone','2008-05-02 16:21:20','2008-06-24 17:28:57',886,NULL,'774-563-8611 ',891,NULL),(892,'Attribute','Calling','2008-05-02 16:21:34','2008-06-24 17:29:35',884,NULL,'Branch Presidency, 2nd Counselor',892,NULL),(893,'Attribute','Email','2008-05-02 16:21:34','2008-06-24 17:29:35',884,NULL,'OldMayhewFarm@gmail.com',893,NULL),(894,'Attribute','First Name','2008-05-02 16:21:34','2008-06-24 17:29:35',884,NULL,'Jim',894,NULL),(895,'Attribute','Last Name','2008-05-02 16:21:34','2008-06-24 17:29:35',884,NULL,'Powell',895,NULL),(896,'Attribute','Phone','2008-05-02 16:21:34','2008-06-24 17:29:35',884,NULL,'508 696-1959',896,NULL),(897,'Attribute','Calling','2008-05-02 16:22:19','2008-05-02 18:22:07',853,NULL,'Assistant Branch Clerk',897,NULL),(898,'Attribute','Email','2008-05-02 16:22:19','2008-05-02 18:22:07',853,NULL,'paulspencerlds@yahoo.com',898,NULL),(899,'Attribute','First Name','2008-05-02 16:22:19','2008-05-02 18:22:07',853,NULL,'Paul',899,NULL),(900,'Attribute','Last Name','2008-05-02 16:22:20','2008-05-02 18:22:07',853,NULL,'Spencer',900,NULL),(901,'Attribute','Phone','2008-05-02 16:22:20','2008-05-02 18:22:07',853,NULL,'508-534-9477 ',901,NULL),(902,'Attribute','Calling','2008-05-02 16:23:03','2008-06-24 17:28:17',885,NULL,'',902,NULL),(903,'Attribute','Email','2008-05-02 16:23:03','2008-06-24 17:28:17',885,NULL,'',903,NULL),(904,'Attribute','First Name','2008-05-02 16:23:03','2008-06-24 17:28:17',885,NULL,'Izaias',904,NULL),(905,'Attribute','Last Name','2008-05-02 16:23:03','2008-06-24 17:28:17',885,NULL,'Silva',905,NULL),(906,'Attribute','Phone','2008-05-02 16:23:03','2008-06-24 17:28:17',885,NULL,'508-696-9557',906,NULL),(907,'InfoNode','Allen Mervin Endicott','2008-05-02 16:28:00','2008-05-02 18:14:12',784,NULL,NULL,907,NULL),(908,'InfoNode','Michael Lewis','2008-05-02 16:28:00','2008-05-02 18:14:12',784,NULL,NULL,908,NULL),(909,'InfoNode','Richard Lynn Rice','2008-05-02 16:28:00','2008-05-02 18:14:12',784,NULL,NULL,909,NULL),(910,'InfoNode','Michael Scott Kuhn','2008-05-02 16:28:01','2008-05-02 18:14:12',784,NULL,NULL,910,NULL),(911,'InfoNode','Brian James Behunin','2008-05-02 16:28:01','2008-05-02 18:14:12',784,NULL,NULL,911,NULL),(912,'InfoNode','Gordon Laws','2008-05-02 16:28:07','2008-05-02 18:14:12',784,NULL,NULL,912,NULL),(913,'InfoNode','Dan Camara','2008-05-02 16:28:07','2008-05-02 18:14:12',784,NULL,NULL,913,NULL),(914,'InfoNode','Paul Leitch','2008-05-02 16:28:07','2008-05-02 18:14:12',784,NULL,NULL,914,NULL),(915,'InfoNode','Keith Berry','2008-05-02 16:28:07','2008-05-02 18:14:12',784,NULL,NULL,915,NULL),(916,'InfoNode','Charlie Hocking','2008-05-02 16:28:07','2008-05-02 18:14:12',784,NULL,NULL,916,NULL),(917,'InfoNode','Paul Corkum','2008-05-02 16:28:07','2008-05-02 18:14:12',784,NULL,NULL,917,NULL),(918,'InfoNode','Tom Flanagan','2008-05-02 16:28:08','2008-05-02 18:14:12',784,NULL,NULL,918,NULL),(919,'Attribute','Calling','2008-05-02 16:28:23','2008-05-02 16:30:33',907,NULL,'Bishop',919,NULL),(920,'Attribute','Email','2008-05-02 16:28:23','2008-05-02 16:30:33',907,NULL,'bsafam@gmail.com',920,NULL),(921,'Attribute','First Name','2008-05-02 16:28:23','2008-05-02 16:30:33',907,NULL,'Allen',921,NULL),(922,'Attribute','Last Name','2008-05-02 16:28:23','2008-05-02 16:30:33',907,NULL,'Endicott',922,NULL),(923,'Attribute','Phone','2008-05-02 16:28:23','2008-05-02 16:30:33',907,NULL,'508-946-0511 ',923,NULL),(924,'Attribute','Calling','2008-05-02 16:28:33','2008-06-25 11:26:33',912,NULL,'Bishop',924,NULL),(925,'Attribute','Email','2008-05-02 16:28:33','2008-06-25 11:26:33',912,NULL,'daaak@comcast.net',925,NULL),(926,'Attribute','First Name','2008-05-02 16:28:33','2008-06-25 11:26:33',912,NULL,'Gordon',926,NULL),(927,'Attribute','Last Name','2008-05-02 16:28:33','2008-06-25 11:26:33',912,NULL,'Laws',927,NULL),(928,'Attribute','Phone','2008-05-02 16:28:33','2008-06-25 11:26:33',912,NULL,'508-697-6035',928,NULL),(929,'Attribute','Calling','2008-05-02 16:29:19','2008-05-02 16:30:11',913,NULL,'Bishopric, 1st Counselor',929,NULL),(930,'Attribute','Email','2008-05-02 16:29:19','2008-05-02 16:30:11',913,NULL,'daaak@comcast.net',930,NULL),(931,'Attribute','First Name','2008-05-02 16:29:19','2008-05-02 16:30:11',913,NULL,'Dan',931,NULL),(932,'Attribute','Last Name','2008-05-02 16:29:20','2008-05-02 16:30:11',913,NULL,'Camara',932,NULL),(933,'Attribute','Phone','2008-05-02 16:29:20','2008-05-02 16:30:11',913,NULL,'508-279-8009',933,NULL),(934,'Attribute','Calling','2008-05-02 16:30:38','2008-05-02 16:31:42',914,NULL,'Bishopric, 2nd Counselor',934,NULL),(935,'Attribute','Email','2008-05-02 16:30:38','2008-05-02 16:31:42',914,NULL,'PaulLeitch_@msn.com',935,NULL),(936,'Attribute','First Name','2008-05-02 16:30:38','2008-05-02 16:31:42',914,NULL,'Paul',936,NULL),(937,'Attribute','Last Name','2008-05-02 16:30:38','2008-05-02 16:31:42',914,NULL,'Leitch',937,NULL),(938,'Attribute','Phone','2008-05-02 16:30:38','2008-05-02 16:31:42',914,NULL,'781-447-4576',938,NULL),(939,'Attribute','Calling','2008-05-02 16:30:56','2008-06-24 17:01:03',908,NULL,'',939,NULL),(940,'Attribute','Email','2008-05-02 16:30:56','2008-06-24 17:01:03',908,NULL,'michael_lewis@gillette.com',940,NULL),(941,'Attribute','First Name','2008-05-02 16:30:57','2008-06-24 17:01:03',908,NULL,'Michael',941,NULL),(942,'Attribute','Last Name','2008-05-02 16:30:57','2008-06-24 17:01:03',908,NULL,'Lewis',942,NULL),(943,'Attribute','Phone','2008-05-02 16:30:57','2008-06-24 17:01:03',908,NULL,'508-833-2858 ',943,NULL),(944,'Attribute','Calling','2008-05-02 16:32:01','2008-05-02 16:32:58',915,NULL,'Ward Executive Secretary',944,NULL),(945,'Attribute','Email','2008-05-02 16:32:01','2008-05-02 16:32:58',915,NULL,'info@berryphotos.com',945,NULL),(946,'Attribute','First Name','2008-05-02 16:32:01','2008-05-02 16:32:58',915,NULL,'Keith',946,NULL),(947,'Attribute','Last Name','2008-05-02 16:32:01','2008-05-02 16:32:58',915,NULL,'Berry',947,NULL),(948,'Attribute','Phone','2008-05-02 16:32:01','2008-05-02 16:32:58',915,NULL,'508-697-4631',948,NULL),(949,'Attribute','Calling','2008-05-02 16:32:44','2008-05-02 16:34:09',909,NULL,'Bishopric, 2nd Counselor',949,NULL),(950,'Attribute','Email','2008-05-02 16:32:44','2008-05-02 16:34:09',909,NULL,'ricerichardl@verizon.net',950,NULL),(951,'Attribute','First Name','2008-05-02 16:32:44','2008-05-02 16:34:09',909,NULL,'Richard',951,NULL),(952,'Attribute','Last Name','2008-05-02 16:32:44','2008-05-02 16:34:09',909,NULL,'Rice',952,NULL),(953,'Attribute','Phone','2008-05-02 16:32:44','2008-05-02 16:34:09',909,NULL,'508-759-1715 ',953,NULL),(954,'Attribute','Calling','2008-05-02 16:33:20','2008-05-02 16:34:13',916,NULL,'Ward Clerk',954,NULL),(955,'Attribute','Email','2008-05-02 16:33:20','2008-05-02 16:34:13',916,NULL,'c.hocking@comcast.net',955,NULL),(956,'Attribute','First Name','2008-05-02 16:33:21','2008-05-02 16:34:13',916,NULL,'Charlie',956,NULL),(957,'Attribute','Last Name','2008-05-02 16:33:21','2008-05-02 16:34:13',916,NULL,'Hocking',957,NULL),(958,'Attribute','Phone','2008-05-02 16:33:21','2008-05-02 16:34:13',916,NULL,'508-823-7470',958,NULL),(959,'Attribute','Calling','2008-05-02 16:34:29','2008-05-02 16:35:22',917,NULL,'Assistant Ward Clerk (membership)',959,NULL),(960,'Attribute','Email','2008-05-02 16:34:30','2008-05-02 16:35:22',917,NULL,'phcorkum@juno.com',960,NULL),(961,'Attribute','First Name','2008-05-02 16:34:30','2008-05-02 16:35:22',917,NULL,'Paul',961,NULL),(962,'Attribute','Last Name','2008-05-02 16:34:30','2008-05-02 16:35:22',917,NULL,'Corkum',962,NULL),(963,'Attribute','Phone','2008-05-02 16:34:30','2008-05-02 16:35:22',917,NULL,'781-982-4323',963,NULL),(964,'Attribute','Calling','2008-05-02 16:34:38','2008-05-02 16:37:26',910,NULL,'Ward Executive Secretary',964,NULL),(965,'Attribute','Email','2008-05-02 16:34:38','2008-05-02 16:37:26',910,NULL,'mskuhn@adelphia.net',965,NULL),(966,'Attribute','First Name','2008-05-02 16:34:38','2008-05-02 16:37:26',910,NULL,'Michael',966,NULL),(967,'Attribute','Last Name','2008-05-02 16:34:38','2008-05-02 16:37:26',910,NULL,'Kuhn',967,NULL),(968,'Attribute','Phone','2008-05-02 16:34:39','2008-05-02 16:37:26',910,NULL,'508-224-5894',968,NULL),(969,'Attribute','Calling','2008-05-02 16:35:41','2008-05-02 16:36:39',918,NULL,'Assistant Ward Clerk (finance)',969,NULL),(970,'Attribute','Email','2008-05-02 16:35:41','2008-05-02 16:36:39',918,NULL,'tom-flanagan@comcast.net',970,NULL),(971,'Attribute','First Name','2008-05-02 16:35:41','2008-05-02 16:36:39',918,NULL,'Tom',971,NULL),(972,'Attribute','Last Name','2008-05-02 16:35:42','2008-05-02 16:36:39',918,NULL,'Flanagan',972,NULL),(973,'Attribute','Phone','2008-05-02 16:35:42','2008-05-02 16:36:39',918,NULL,'508-587-6684',973,NULL),(974,'Attribute','Calling','2008-05-02 16:38:45','2008-05-02 16:40:21',911,NULL,'Ward Clerk',974,NULL),(975,'Attribute','Email','2008-05-02 16:38:45','2008-05-02 16:40:21',911,NULL,'',975,NULL),(976,'Attribute','First Name','2008-05-02 16:38:45','2008-05-02 16:40:21',911,NULL,'Brian',976,NULL),(977,'Attribute','Last Name','2008-05-02 16:38:45','2008-05-02 16:40:21',911,NULL,'Behunin',977,NULL),(978,'Attribute','Phone','2008-05-02 16:38:45','2008-05-02 16:40:21',911,NULL,'774-238-6800 ',978,NULL),(979,'InfoNode','Adilson Rolando Pina','2008-05-02 16:38:52','2008-05-02 18:14:12',784,NULL,NULL,979,NULL),(980,'InfoNode','Anacleto Pina Tavares','2008-05-02 16:38:52','2008-05-02 18:14:12',784,NULL,NULL,980,NULL),(981,'InfoNode','Tomas Garcia Andrade','2008-05-02 16:38:52','2008-05-02 18:14:12',784,NULL,NULL,981,NULL),(982,'InfoNode','Evandro Manuel Semedo','2008-05-02 16:38:52','2008-05-02 18:14:12',784,NULL,NULL,982,NULL),(983,'Attribute','Calling','2008-05-02 16:39:06','2008-06-25 11:22:52',979,NULL,'Branch President',983,NULL),(984,'Attribute','Email','2008-05-02 16:39:06','2008-06-25 11:22:52',979,NULL,'anacletotavares6@hotmail.com',984,NULL),(985,'Attribute','First Name','2008-05-02 16:39:06','2008-06-25 11:22:52',979,NULL,'Adilson',985,NULL),(986,'Attribute','Last Name','2008-05-02 16:39:06','2008-06-25 11:22:52',979,NULL,'Pina',986,NULL),(987,'Attribute','Phone','2008-05-02 16:39:06','2008-06-25 11:22:53',979,NULL,'508-583-5772 ',987,NULL),(988,'Attribute','Calling','2008-05-02 16:40:26','2008-05-02 16:41:15',980,NULL,'Branch Presidency, 1st Counselor',988,NULL),(989,'Attribute','Email','2008-05-02 16:40:26','2008-05-02 16:41:16',980,NULL,'anacletotavares6@hotmail.com',989,NULL),(990,'Attribute','First Name','2008-05-02 16:40:26','2008-05-02 16:41:16',980,NULL,'Anacleto',990,NULL),(991,'Attribute','Last Name','2008-05-02 16:40:27','2008-05-02 16:41:16',980,NULL,'Tavares',991,NULL),(992,'Attribute','Phone','2008-05-02 16:40:27','2008-05-02 16:41:16',980,NULL,'508-559-8922 ',992,NULL),(993,'Attribute','Calling','2008-05-02 16:41:35','2008-05-02 16:42:17',981,NULL,'Branch Presidency, 2nd Counselor',993,NULL),(994,'Attribute','Email','2008-05-02 16:41:35','2008-05-02 16:42:17',981,NULL,'',994,NULL),(995,'Attribute','First Name','2008-05-02 16:41:36','2008-05-02 16:42:17',981,NULL,'Tomas',995,NULL),(996,'Attribute','Last Name','2008-05-02 16:41:36','2008-05-02 16:42:17',981,NULL,'Andrade',996,NULL),(997,'Attribute','Phone','2008-05-02 16:41:36','2008-05-02 16:42:18',981,NULL,'508-586-1242',997,NULL),(998,'Attribute','Calling','2008-05-02 16:42:43','2008-05-02 16:43:24',982,NULL,'Branch Clerk',998,NULL),(999,'Attribute','Email','2008-05-02 16:42:44','2008-05-02 16:43:24',982,NULL,'',999,NULL),(1000,'Attribute','First Name','2008-05-02 16:42:44','2008-05-02 16:43:24',982,NULL,'Evandro',1000,NULL),(1001,'Attribute','Last Name','2008-05-02 16:42:44','2008-05-02 16:43:24',982,NULL,'Semedo',1001,NULL),(1002,'Attribute','Phone','2008-05-02 16:42:44','2008-05-02 16:43:24',982,NULL,'508-580-7763',1002,NULL),(1003,'InfoNode','Mark Small','2008-05-02 16:45:18','2008-05-02 18:14:12',784,NULL,NULL,1003,NULL),(1004,'InfoNode','Joe Giles','2008-05-02 16:45:18','2008-05-02 18:14:12',784,NULL,NULL,1004,NULL),(1005,'InfoNode','Jesse Hansen','2008-05-02 16:45:18','2008-05-02 18:14:12',784,NULL,NULL,1005,NULL),(1006,'InfoNode','Dan Rogers','2008-05-02 16:45:18','2008-05-02 18:14:12',784,NULL,NULL,1006,NULL),(1007,'InfoNode','Jim Peterson','2008-05-02 16:45:19','2008-05-02 18:14:12',784,NULL,NULL,1007,NULL),(1008,'InfoNode','Bill Pellegrini','2008-05-02 16:45:19','2008-05-02 18:14:13',784,NULL,NULL,1008,NULL),(1009,'InfoNode','Robert Arthur Randall','2008-05-02 16:45:19','2008-05-02 18:14:13',784,NULL,NULL,1009,NULL),(1010,'InfoNode','Lon Cook','2008-05-02 16:45:33','2008-05-02 18:14:13',784,NULL,NULL,1010,NULL),(1011,'InfoNode','Thomas Armitage','2008-05-02 16:45:33','2008-05-02 18:14:13',784,NULL,NULL,1011,NULL),(1012,'InfoNode','Randy Davis','2008-05-02 16:45:33','2008-05-02 18:14:13',784,NULL,NULL,1012,NULL),(1013,'InfoNode','Jim Calkins','2008-05-02 16:45:34','2008-05-02 18:14:13',784,NULL,NULL,1013,NULL),(1014,'InfoNode','Roy Chace','2008-05-02 16:45:34','2008-05-02 18:14:13',784,NULL,NULL,1014,NULL),(1015,'InfoNode','Edward John Silvia','2008-05-02 16:45:34','2008-05-02 18:14:13',784,NULL,NULL,1015,NULL),(1016,'Attribute','Calling','2008-05-02 16:45:50','2008-05-02 16:46:38',1010,NULL,'Branch President',1016,NULL),(1017,'Attribute','Email','2008-05-02 16:45:50','2008-05-02 16:46:38',1010,NULL,'cookad@yahoo.com',1017,NULL),(1018,'Attribute','First Name','2008-05-02 16:45:51','2008-05-02 16:46:38',1010,NULL,'Lon',1018,NULL),(1019,'Attribute','Last Name','2008-05-02 16:45:51','2008-05-02 16:46:38',1010,NULL,'Cook',1019,NULL),(1020,'Attribute','Phone','2008-05-02 16:45:51','2008-05-02 16:46:38',1010,NULL,'508-947-6580 ',1020,NULL),(1021,'Attribute','Calling','2008-05-02 16:46:08','2008-05-02 16:47:40',1003,NULL,'Bishop',1021,NULL),(1022,'Attribute','Email','2008-05-02 16:46:08','2008-05-02 16:47:40',1003,NULL,'mark.small6@verizon.net',1022,NULL),(1023,'Attribute','First Name','2008-05-02 16:46:08','2008-05-02 16:47:40',1003,NULL,'Mark',1023,NULL),(1024,'Attribute','Last Name','2008-05-02 16:46:08','2008-05-02 16:47:40',1003,NULL,'Small',1024,NULL),(1025,'Attribute','Phone','2008-05-02 16:46:09','2008-05-02 16:47:40',1003,NULL,'508-543-0428 ',1025,NULL),(1026,'Attribute','Calling','2008-05-02 16:47:00','2008-05-02 16:47:48',1011,NULL,'Branch Presidency, 1st Counselor',1026,NULL),(1027,'Attribute','Email','2008-05-02 16:47:00','2008-05-02 16:47:48',1011,NULL,'thmsarmtg@aol.com',1027,NULL),(1028,'Attribute','First Name','2008-05-02 16:47:01','2008-05-02 16:47:48',1011,NULL,'Thomas',1028,NULL),(1029,'Attribute','Last Name','2008-05-02 16:47:01','2008-05-02 16:47:48',1011,NULL,'Armitage',1029,NULL),(1030,'Attribute','Phone','2008-05-02 16:47:01','2008-05-02 16:47:48',1011,NULL,'508-326 3608',1030,NULL),(1031,'Attribute','Calling','2008-05-02 16:48:12','2008-06-24 17:06:38',1012,NULL,'',1031,NULL),(1032,'Attribute','Email','2008-05-02 16:48:13','2008-06-24 17:06:38',1012,NULL,'dadoluke@gmail.com',1032,NULL),(1033,'Attribute','First Name','2008-05-02 16:48:13','2008-06-24 17:06:38',1012,NULL,'Randy',1033,NULL),(1034,'Attribute','Last Name','2008-05-02 16:48:13','2008-06-24 17:06:38',1012,NULL,'Davis',1034,NULL),(1035,'Attribute','Phone','2008-05-02 16:48:13','2008-06-24 17:06:38',1012,NULL,'508-252-4992 ',1035,NULL),(1036,'Attribute','Calling','2008-05-02 16:48:25','2008-05-02 16:49:43',1004,NULL,'Bishopric, 1st Counselor',1036,NULL),(1037,'Attribute','Email','2008-05-02 16:48:25','2008-05-02 16:49:43',1004,NULL,'joegiles2@yahoo.com',1037,NULL),(1038,'Attribute','First Name','2008-05-02 16:48:25','2008-05-02 16:49:43',1004,NULL,'Joe',1038,NULL),(1039,'Attribute','Last Name','2008-05-02 16:48:25','2008-05-02 16:49:43',1004,NULL,'Giles',1039,NULL),(1040,'Attribute','Phone','2008-05-02 16:48:25','2008-05-02 16:49:43',1004,NULL,'508 409 2122 ',1040,NULL),(1041,'Attribute','Calling','2008-05-02 16:49:36','2008-05-02 16:50:18',1013,NULL,'Branch Executive Secretary',1041,NULL),(1042,'Attribute','Email','2008-05-02 16:49:36','2008-05-02 16:50:18',1013,NULL,'jcalkins@detma.org',1042,NULL),(1043,'Attribute','First Name','2008-05-02 16:49:37','2008-05-02 16:50:18',1013,NULL,'Jim',1043,NULL),(1044,'Attribute','Last Name','2008-05-02 16:49:37','2008-05-02 16:50:18',1013,NULL,'Calkins',1044,NULL),(1045,'Attribute','Phone','2008-05-02 16:49:37','2008-05-02 16:50:18',1013,NULL,'508-672-5682',1045,NULL),(1046,'Attribute','Calling','2008-05-02 16:50:40','2008-05-02 16:51:56',1005,NULL,'Bishopric, 2nd Counselor:',1046,NULL),(1047,'Attribute','Email','2008-05-02 16:50:40','2008-05-02 16:51:56',1005,NULL,'jesseohansen@yahoo.com',1047,NULL),(1048,'Attribute','First Name','2008-05-02 16:50:40','2008-05-02 16:51:56',1005,NULL,'Jesse',1048,NULL),(1049,'Attribute','Last Name','2008-05-02 16:50:40','2008-05-02 16:51:56',1005,NULL,'Hansen',1049,NULL),(1050,'Attribute','Phone','2008-05-02 16:50:40','2008-05-02 16:51:56',1005,NULL,'508-455-0157',1050,NULL),(1051,'Attribute','Calling','2008-05-02 16:50:42','2008-05-02 16:51:33',1014,NULL,'Branch Clerk',1051,NULL),(1052,'Attribute','Email','2008-05-02 16:50:43','2008-05-02 16:51:33',1014,NULL,'rgc8146@aol.com',1052,NULL),(1053,'Attribute','First Name','2008-05-02 16:50:43','2008-05-02 16:51:33',1014,NULL,'Roy ',1053,NULL),(1054,'Attribute','Last Name','2008-05-02 16:50:43','2008-05-02 16:51:33',1014,NULL,'Chace',1054,NULL),(1055,'Attribute','Phone','2008-05-02 16:50:43','2008-05-02 16:51:33',1014,NULL,'508-679-0955',1055,NULL),(1056,'Attribute','Calling','2008-05-02 16:52:00','2008-05-02 16:52:37',1015,NULL,'Assistant Branch Clerk (finance)',1056,NULL),(1057,'Attribute','Email','2008-05-02 16:52:00','2008-05-02 16:52:37',1015,NULL,'',1057,NULL),(1058,'Attribute','First Name','2008-05-02 16:52:00','2008-05-02 16:52:37',1015,NULL,'Edward',1058,NULL),(1059,'Attribute','Last Name','2008-05-02 16:52:00','2008-05-02 16:52:37',1015,NULL,'Silvia',1059,NULL),(1060,'Attribute','Phone','2008-05-02 16:52:01','2008-05-02 16:52:38',1015,NULL,'508-824-7415',1060,NULL),(1061,'Attribute','Calling','2008-05-02 16:52:15','2008-05-04 15:01:01',1006,NULL,'Ward Executive Secretary',1061,NULL),(1062,'Attribute','Email','2008-05-02 16:52:15','2008-05-04 15:01:01',1006,NULL,'usafe7ret@gmail.com',1062,NULL),(1063,'Attribute','First Name','2008-05-02 16:52:15','2008-05-04 15:01:01',1006,NULL,'Dan',1063,NULL),(1064,'Attribute','Last Name','2008-05-02 16:52:16','2008-05-04 15:01:01',1006,NULL,'Rogers',1064,NULL),(1065,'Attribute','Phone','2008-05-02 16:52:16','2008-05-04 15:01:01',1006,NULL,'508-643-9103 ',1065,NULL),(1066,'Attribute','Calling','2008-05-02 16:54:52','2008-05-02 16:55:56',1007,NULL,'Ward Clerk',1066,NULL),(1067,'Attribute','Email','2008-05-02 16:54:52','2008-05-02 16:55:56',1007,NULL,'barbarapeterson43@attbi.com',1067,NULL),(1068,'Attribute','First Name','2008-05-02 16:54:53','2008-05-02 16:55:56',1007,NULL,'Jim ',1068,NULL),(1069,'Attribute','Last Name','2008-05-02 16:54:53','2008-05-02 16:55:56',1007,NULL,'Peterson',1069,NULL),(1070,'Attribute','Phone','2008-05-02 16:54:53','2008-05-02 16:55:56',1007,NULL,'508-226-7080 ',1070,NULL),(1071,'InfoNode','Franklin','2008-05-02 16:54:59','2008-05-02 18:14:13',782,NULL,NULL,1071,NULL),(1072,'Attribute','Calling','2008-05-02 16:56:16','2008-05-02 16:57:17',1008,NULL,'Assistant Ward Clerk (membership)',1072,NULL),(1073,'Attribute','Email','2008-05-02 16:56:16','2008-05-02 16:57:17',1008,NULL,'billpellegrini@yahoo.com',1073,NULL),(1074,'Attribute','First Name','2008-05-02 16:56:16','2008-05-02 16:57:17',1008,NULL,'Bill',1074,NULL),(1075,'Attribute','Last Name','2008-05-02 16:56:16','2008-05-02 16:57:17',1008,NULL,'Pellegrini',1075,NULL),(1076,'Attribute','Phone','2008-05-02 16:56:16','2008-05-02 16:57:17',1008,NULL,'508 406 5319 ',1076,NULL),(1077,'Attribute','Calling','2008-05-02 16:57:47','2008-05-02 16:58:41',1009,NULL,'Assistant Ward Clerk (finance)',1077,NULL),(1078,'Attribute','Email','2008-05-02 16:57:48','2008-05-02 16:58:41',1009,NULL,'',1078,NULL),(1079,'Attribute','First Name','2008-05-02 16:57:48','2008-05-02 16:58:41',1009,NULL,'Robert',1079,NULL),(1080,'Attribute','Last Name','2008-05-02 16:57:48','2008-05-02 16:58:41',1009,NULL,'Randall',1080,NULL),(1081,'Attribute','Phone','2008-05-02 16:57:48','2008-05-02 16:58:41',1009,NULL,'508-643-7075 ',1081,NULL),(1082,'InfoNode','unit info','2008-05-02 17:00:51','2008-06-25 23:12:22',785,NULL,NULL,1082,'\n\n<h3>Leadership</h3>\n<%= table_of_subnodes @node.get_subnode_by_name(\"Leadership\") , :order_by => \'Calling\' %>\n\n<h3>Missionaries In</h3>\n<%= table_of_subnodes @node.get_subnode_by_name(\"Missionaries In\") %>\n\n<h3>Missionaries Out</h3>\n<%= table_of_subnodes @node.get_subnode_by_name(\"Missionaries Out\") %>'),(1083,'InfoNode','John Zeller','2008-05-02 17:01:55','2008-05-02 18:14:13',784,NULL,NULL,1083,NULL),(1084,'InfoNode','Bruce Germinaro','2008-05-02 17:01:55','2008-05-02 18:14:13',784,NULL,NULL,1084,NULL),(1085,'InfoNode','Ryan Alton Esco','2008-05-02 17:01:55','2008-05-02 18:14:13',784,NULL,NULL,1085,NULL),(1086,'InfoNode','Benjamin J Cook','2008-05-02 17:01:55','2008-05-02 18:14:13',784,NULL,NULL,1086,NULL),(1087,'InfoNode','Cody Harward','2008-05-02 17:01:55','2008-05-02 18:14:13',784,NULL,NULL,1087,NULL),(1088,'InfoNode','Mark Harrop','2008-05-02 17:01:55','2008-05-02 18:14:13',784,NULL,NULL,1088,NULL),(1089,'InfoNode','Chris Kelson','2008-05-02 17:01:55','2008-05-02 18:14:13',784,NULL,NULL,1089,NULL),(1091,'InfoNode','Brad Bennion','2008-05-02 17:02:01','2008-05-02 18:14:13',784,NULL,NULL,1091,NULL),(1092,'InfoNode','Leadership','2008-05-02 17:03:05','2008-05-02 18:14:13',1082,NULL,NULL,1092,NULL),(1093,'InfoNode','Missionaries Out','2008-05-02 17:03:05','2008-05-02 18:14:13',1082,NULL,NULL,1093,NULL),(1094,'InfoNode','Missionaries In','2008-05-02 17:03:05','2008-05-02 18:14:13',1082,NULL,NULL,1094,NULL),(1095,'Attribute','Calling','2008-05-02 17:03:06','2008-05-02 17:04:06',1083,NULL,'Bishop',1095,NULL),(1096,'Attribute','Email','2008-05-02 17:03:06','2008-05-02 17:04:06',1083,NULL,'zeller101@verizon.net',1096,NULL),(1097,'Attribute','First Name','2008-05-02 17:03:06','2008-05-02 17:04:06',1083,NULL,'John',1097,NULL),(1098,'Attribute','Last Name','2008-05-02 17:03:06','2008-05-02 17:04:06',1083,NULL,'Zeller',1098,NULL),(1099,'Attribute','Phone','2008-05-02 17:03:06','2008-05-02 17:04:06',1083,NULL,'781-834-6447 ',1099,NULL),(1100,'InfoNode','Foxboro','2008-05-02 17:03:37','2008-05-02 18:14:13',782,NULL,NULL,1100,NULL),(1101,'Attribute','Calling','2008-05-02 17:04:57','2008-05-02 17:07:04',1084,NULL,'Bishopric, 1st Counselor',1101,NULL),(1102,'Attribute','Email','2008-05-02 17:04:57','2008-05-02 17:07:04',1084,NULL,'Bcm6210@aol.com',1102,NULL),(1103,'Attribute','First Name','2008-05-02 17:04:57','2008-05-02 17:07:04',1084,NULL,'Bruce',1103,NULL),(1104,'Attribute','Last Name','2008-05-02 17:04:57','2008-05-02 17:07:05',1084,NULL,'Germinaro',1104,NULL),(1105,'Attribute','Phone','2008-05-02 17:04:58','2008-05-02 17:07:05',1084,NULL,'781-585-2629 ',1105,NULL),(1106,'Attribute','Calling','2008-05-02 17:07:55','2008-05-02 17:08:59',1085,NULL,'Bishopric, 2nd Counselor',1106,NULL),(1107,'Attribute','Email','2008-05-02 17:07:55','2008-05-02 17:08:59',1085,NULL,'',1107,NULL),(1108,'Attribute','First Name','2008-05-02 17:07:55','2008-05-02 17:08:59',1085,NULL,'Ryan',1108,NULL),(1109,'Attribute','Last Name','2008-05-02 17:07:55','2008-05-02 17:08:59',1085,NULL,'Esco',1109,NULL),(1110,'Attribute','Phone','2008-05-02 17:07:56','2008-05-02 17:08:59',1085,NULL,'781-740-4894 ',1110,NULL),(1111,'Attribute','Calling','2008-05-02 17:09:27','2008-05-02 17:10:41',1086,NULL,'Ward Executive Secretary',1111,NULL),(1112,'Attribute','Email','2008-05-02 17:09:28','2008-05-02 17:10:41',1086,NULL,'abbeyroad28@yahoo.com',1112,NULL),(1113,'Attribute','First Name','2008-05-02 17:09:28','2008-05-02 17:10:41',1086,NULL,'Benjamin',1113,NULL),(1114,'Attribute','Last Name','2008-05-02 17:09:28','2008-05-02 17:10:41',1086,NULL,'Cook',1114,NULL),(1115,'Attribute','Phone','2008-05-02 17:09:28','2008-05-02 17:10:41',1086,NULL,'781-843-3667 ',1115,NULL),(1116,'Attribute','Calling','2008-05-02 17:11:09','2008-06-24 17:23:47',1087,NULL,'',1116,NULL),(1117,'Attribute','Email','2008-05-02 17:11:10','2008-06-24 17:23:47',1087,NULL,'codyscottharward@yahoo.com',1117,NULL),(1118,'Attribute','First Name','2008-05-02 17:11:10','2008-06-24 17:23:47',1087,NULL,'Cody',1118,NULL),(1119,'Attribute','Last Name','2008-05-02 17:11:10','2008-06-24 17:23:47',1087,NULL,'Harward',1119,NULL),(1120,'Attribute','Phone','2008-05-02 17:11:10','2008-06-24 17:23:47',1087,NULL,'781-727-9270 ',1120,NULL),(1124,'InfoNode','Leadership','2008-05-02 17:13:40','2008-05-02 18:27:03',1071,NULL,NULL,1124,'<%= table_of_subnodes @node%>'),(1125,'InfoNode','Missionaries In','2008-05-02 17:13:40','2008-05-02 18:14:13',1071,NULL,NULL,1125,NULL),(1126,'InfoNode','Missionaries Out','2008-05-02 17:13:40','2008-05-02 18:14:13',1071,NULL,NULL,1126,NULL),(1127,'Attribute','Calling','2008-05-02 17:15:37','2008-06-24 17:24:33',1088,NULL,'',1127,NULL),(1128,'Attribute','Email','2008-05-02 17:15:37','2008-06-24 17:24:33',1088,NULL,'harrop1@verizon.net',1128,NULL),(1129,'Attribute','First Name','2008-05-02 17:15:37','2008-06-24 17:24:33',1088,NULL,'Mark',1129,NULL),(1130,'Attribute','Last Name','2008-05-02 17:15:37','2008-06-24 17:24:33',1088,NULL,'Harrop',1130,NULL),(1131,'Attribute','Phone','2008-05-02 17:15:37','2008-06-24 17:24:33',1088,NULL,'781-878-2429 ',1131,NULL),(1132,'InfoNode','Leadership','2008-05-02 17:17:12','2008-05-02 18:14:13',1100,NULL,NULL,1132,NULL),(1133,'InfoNode','Missionaries In','2008-05-02 17:17:13','2008-05-02 18:14:13',1100,NULL,NULL,1133,NULL),(1134,'InfoNode','Missionaries Out','2008-05-02 17:17:13','2008-05-02 18:14:13',1100,NULL,NULL,1134,NULL),(1135,'Attribute','Calling','2008-05-02 17:17:23','2008-05-02 17:18:23',1089,NULL,'Assistant Ward Clerk (finance)',1135,NULL),(1136,'Attribute','Email','2008-05-02 17:17:23','2008-05-02 17:18:23',1089,NULL,'',1136,NULL),(1137,'Attribute','First Name','2008-05-02 17:17:23','2008-05-02 17:18:23',1089,NULL,'Chris',1137,NULL),(1138,'Attribute','Last Name','2008-05-02 17:17:23','2008-05-02 17:18:23',1089,NULL,'Kelson',1138,NULL),(1139,'Attribute','Phone','2008-05-02 17:17:23','2008-05-02 17:18:23',1089,NULL,'781-812-2211 ',1139,NULL),(1140,'Attribute','Calling','2008-05-02 17:18:40','2008-05-02 17:19:43',1091,NULL,'Assistant Ward Clerk (finance)',1140,NULL),(1141,'Attribute','Email','2008-05-02 17:18:41','2008-05-02 17:19:43',1091,NULL,'bradbennion@verizon.net',1141,NULL),(1142,'Attribute','First Name','2008-05-02 17:18:41','2008-05-02 17:19:43',1091,NULL,'Brad',1142,NULL),(1143,'Attribute','Last Name','2008-05-02 17:18:41','2008-05-02 17:19:43',1091,NULL,'Bennion',1143,NULL),(1144,'Attribute','Phone','2008-05-02 17:18:41','2008-05-02 17:19:43',1091,NULL,'781-337-2675 ',1144,NULL),(1145,'InfoNode','West Bridgewater','2008-05-02 17:19:01','2008-05-02 18:14:13',782,NULL,NULL,1145,NULL),(1146,'InfoNode','Leadership','2008-05-02 17:19:07','2008-05-02 18:14:13',1145,NULL,NULL,1146,NULL),(1147,'InfoNode','Missionaries In','2008-05-02 17:19:08','2008-05-02 18:14:13',1145,NULL,NULL,1147,NULL),(1148,'InfoNode','Missionaries Out','2008-05-02 17:19:08','2008-05-02 18:14:13',1145,NULL,NULL,1148,NULL),(1149,'InfoNode','Marthas Vineyard','2008-05-02 17:23:10','2008-05-02 18:14:13',782,NULL,NULL,1149,NULL),(1150,'InfoNode','Mark Mansius','2008-05-02 17:23:13','2008-05-02 18:14:13',784,NULL,NULL,1150,NULL),(1151,'InfoNode','Bill Grigg','2008-05-02 17:23:13','2008-05-02 18:14:13',784,NULL,NULL,1151,NULL),(1152,'InfoNode','Bret Livingston','2008-05-02 17:23:14','2008-05-02 18:14:13',784,NULL,NULL,1152,NULL),(1153,'InfoNode','David A Eastman','2008-05-02 17:23:14','2008-05-02 18:14:13',784,NULL,NULL,1153,NULL),(1154,'InfoNode','Dennis Patrick McCarthy','2008-05-02 17:23:14','2008-05-02 18:14:13',784,NULL,NULL,1154,NULL),(1155,'InfoNode','Jose Rosario Gomes','2008-05-02 17:23:14','2008-05-02 18:14:13',784,NULL,NULL,1155,NULL),(1156,'InfoNode','Leadership','2008-05-02 17:23:20','2008-05-02 18:14:13',1149,NULL,NULL,1156,NULL),(1157,'InfoNode','Missionaries In','2008-05-02 17:23:20','2008-05-02 18:14:13',1149,NULL,NULL,1157,NULL),(1158,'InfoNode','Missionaries Out','2008-05-02 17:23:20','2008-05-02 18:14:13',1149,NULL,NULL,1158,NULL),(1159,'Attribute','Calling','2008-05-02 17:24:00','2008-09-06 15:23:43',1150,NULL,'',1159,NULL),(1160,'Attribute','Email','2008-05-02 17:24:01','2008-09-06 15:23:43',1150,NULL,'pocoach@comcast.net',1160,NULL),(1161,'Attribute','First Name','2008-05-02 17:24:01','2008-09-06 15:23:43',1150,NULL,'Mark',1161,NULL),(1162,'Attribute','Last Name','2008-05-02 17:24:01','2008-09-06 15:23:43',1150,NULL,'Mansius',1162,NULL),(1163,'Attribute','Phone','2008-05-02 17:24:01','2008-09-06 15:23:43',1150,NULL,'508-997-7889',1163,NULL),(1164,'Attribute','Calling','2008-05-02 17:25:22','2008-09-06 15:30:58',1151,NULL,'Bishop',1164,NULL),(1165,'Attribute','Email','2008-05-02 17:25:22','2008-09-06 15:30:58',1151,NULL,'griggw@southcoast.org',1165,NULL),(1166,'Attribute','First Name','2008-05-02 17:25:22','2008-09-06 15:30:58',1151,NULL,'Bill',1166,NULL),(1167,'Attribute','Last Name','2008-05-02 17:25:23','2008-09-06 15:30:58',1151,NULL,'Grigg',1167,NULL),(1168,'Attribute','Phone','2008-05-02 17:25:23','2008-09-06 15:30:58',1151,NULL,'1-774-202-5220',1168,NULL),(1169,'Attribute','Calling','2008-05-02 17:27:06','2008-05-05 00:56:54',1152,NULL,'Bishopric, 2nd Counselor',1169,NULL),(1170,'Attribute','Email','2008-05-02 17:27:06','2008-05-05 00:56:54',1152,NULL,'bret.livingston@fmr.com',1170,NULL),(1171,'Attribute','First Name','2008-05-02 17:27:06','2008-05-05 00:56:54',1152,NULL,'Bret',1171,NULL),(1172,'Attribute','Last Name','2008-05-02 17:27:06','2008-05-05 00:56:54',1152,NULL,'Livingston',1172,NULL),(1173,'Attribute','Phone','2008-05-02 17:27:07','2008-05-05 00:56:54',1152,NULL,'508-863-5473 (BretCell)',1173,NULL),(1174,'Attribute','Calling','2008-05-02 17:29:18','2008-05-02 17:30:29',1153,NULL,'Ward Clerk',1174,NULL),(1175,'Attribute','Email','2008-05-02 17:29:18','2008-05-02 17:30:29',1153,NULL,'d_eastman@hotmail.com',1175,NULL),(1176,'Attribute','First Name','2008-05-02 17:29:18','2008-05-02 17:30:29',1153,NULL,'David',1176,NULL),(1177,'Attribute','Last Name','2008-05-02 17:29:18','2008-05-02 17:30:29',1153,NULL,'Eastman',1177,NULL),(1178,'Attribute','Phone','2008-05-02 17:29:18','2008-05-02 17:30:29',1153,NULL,'508-993-7098 ',1178,NULL),(1179,'Attribute','Calling','2008-05-02 17:30:48','2008-05-02 17:32:01',1154,NULL,'Assistant Ward Clerk (membership)',1179,NULL),(1180,'Attribute','Email','2008-05-02 17:30:48','2008-05-02 17:32:01',1154,NULL,'',1180,NULL),(1181,'Attribute','First Name','2008-05-02 17:30:48','2008-05-02 17:32:01',1154,NULL,'Dennis',1181,NULL),(1182,'Attribute','Last Name','2008-05-02 17:30:49','2008-05-02 17:32:01',1154,NULL,'McCarthy',1182,NULL),(1183,'Attribute','Phone','2008-05-02 17:30:49','2008-05-02 17:32:01',1154,NULL,'508-763-3687 ',1183,NULL),(1184,'InfoNode','Brockton Portuguese','2008-05-02 17:31:04','2008-05-02 18:14:13',782,NULL,NULL,1184,NULL),(1185,'InfoNode','Leadership','2008-05-02 17:31:11','2008-05-02 18:14:13',1184,NULL,NULL,1185,NULL),(1186,'InfoNode','Missionaries In','2008-05-02 17:31:11','2008-05-02 18:14:13',1184,NULL,NULL,1186,NULL),(1187,'InfoNode','Missionaries Out','2008-05-02 17:31:11','2008-05-02 18:14:13',1184,NULL,NULL,1187,NULL),(1188,'Attribute','Calling','2008-05-02 17:33:40','2008-05-02 17:35:07',1155,NULL,'Assistant Ward Clerk (finance)',1188,NULL),(1189,'Attribute','Email','2008-05-02 17:33:40','2008-05-02 17:35:07',1155,NULL,'',1189,NULL),(1190,'Attribute','First Name','2008-05-02 17:33:40','2008-05-02 17:35:07',1155,NULL,'Jose',1190,NULL),(1191,'Attribute','Last Name','2008-05-02 17:33:40','2008-05-02 17:35:07',1155,NULL,'Gomes',1191,NULL),(1192,'Attribute','Phone','2008-05-02 17:33:40','2008-05-02 17:35:07',1155,NULL,'508-994-2756',1192,NULL),(1193,'InfoNode','action item info','2008-05-02 17:35:08','2008-05-02 18:14:13',785,NULL,NULL,1193,NULL),(1194,'InfoNode','Fall River','2008-05-02 17:35:16','2008-05-02 18:14:13',782,NULL,NULL,1194,NULL),(1195,'InfoNode','Leadership','2008-05-02 17:35:22','2008-05-02 18:14:13',1194,NULL,NULL,1195,NULL),(1196,'InfoNode','Missionaries In','2008-05-02 17:35:22','2008-05-02 18:14:13',1194,NULL,NULL,1196,NULL),(1197,'InfoNode','Missionaries Out','2008-05-02 17:35:22','2008-05-02 18:14:13',1194,NULL,NULL,1197,NULL),(1198,'Attribute','Assigned To','2008-05-02 17:37:46','2008-05-02 17:37:46',1193,NULL,'string',1198,NULL),(1199,'Attribute','Needed By','2008-05-02 17:37:46','2008-05-02 17:37:46',1193,NULL,'string',1199,NULL),(1200,'Section','Notes','2008-05-02 17:37:56','2008-05-02 17:37:56',1193,'',NULL,1200,NULL),(1201,'Attribute','Completed','2008-05-02 17:38:56','2008-05-02 17:38:56',1193,NULL,'boolean',1201,NULL),(1202,'InfoNode','Brewster Branch','2008-05-02 17:40:49','2008-06-25 23:10:26',782,NULL,NULL,1202,''),(1203,'InfoNode','Leadership','2008-05-02 17:40:55','2008-05-02 18:14:13',1202,NULL,NULL,1203,NULL),(1204,'InfoNode','Missionaries In','2008-05-02 17:40:56','2008-05-02 18:14:14',1202,NULL,NULL,1204,NULL),(1205,'InfoNode','Missionaries Out','2008-05-02 17:40:56','2008-05-02 18:14:14',1202,NULL,NULL,1205,NULL),(1206,'InfoNode','Sister Worthen','2008-05-02 17:42:25','2008-05-02 18:14:14',1187,NULL,NULL,1206,NULL),(1207,'InfoNode','Sister Bingham','2008-05-02 17:42:25','2008-05-02 18:14:14',1187,NULL,NULL,1207,NULL),(1208,'Attribute','Phone','2008-05-02 17:44:28','2008-05-02 17:50:42',1187,NULL,' 508-743-9881 ',1208,NULL),(1209,'Attribute','Phone','2008-05-02 17:45:46','2008-05-02 17:48:31',1207,NULL,' 508-743-9881 ',1209,NULL),(1210,'Attribute','Phone','2008-05-02 17:47:42','2008-05-05 00:35:35',1206,NULL,'',1210,NULL),(1211,'InfoNode','Cape Cod','2008-05-02 17:52:24','2008-05-02 18:14:14',782,NULL,NULL,1211,NULL),(1212,'InfoNode','Leadership','2008-05-02 17:52:32','2008-05-02 18:14:14',1211,NULL,NULL,1212,NULL),(1213,'InfoNode','Missionaries In','2008-05-02 17:52:33','2008-05-02 18:14:14',1211,NULL,NULL,1213,NULL),(1214,'InfoNode','Missionaries Out','2008-05-02 17:52:33','2008-05-02 18:14:14',1211,NULL,NULL,1214,NULL),(1216,'InfoNode','Hingham','2008-05-02 18:01:05','2008-05-02 22:09:43',782,NULL,NULL,1216,NULL),(1217,'InfoNode','Leadership','2008-05-02 18:01:14','2008-05-02 18:14:14',1216,NULL,NULL,1217,NULL),(1218,'InfoNode','Missionaries In','2008-05-02 18:01:15','2008-05-02 18:14:14',1216,NULL,NULL,1218,NULL),(1219,'InfoNode','Missionaries Out','2008-05-02 18:01:15','2008-05-02 18:14:14',1216,NULL,NULL,1219,NULL),(1220,'InfoNode','North Dartmouth','2008-05-02 18:10:02','2008-05-02 18:14:14',782,NULL,NULL,1220,NULL),(1221,'InfoNode','Leadership','2008-05-02 18:10:13','2008-05-02 18:14:14',1220,NULL,NULL,1221,NULL),(1222,'InfoNode','Missionaries In','2008-05-02 18:10:13','2008-05-02 18:14:14',1220,NULL,NULL,1222,NULL),(1223,'InfoNode','Missionaries Out','2008-05-02 18:10:13','2008-05-02 18:14:14',1220,NULL,NULL,1223,NULL),(1224,'Attribute','Phone','2008-05-02 18:10:45','2008-05-03 15:51:27',1071,NULL,'',1224,NULL),(1225,'InfoNode','Elder Travis Alico','2008-05-02 18:13:17','2008-05-02 18:14:14',1126,NULL,NULL,1225,NULL),(1226,'InfoNode','Elder Sampo Hynynen','2008-05-02 18:13:17','2008-05-02 18:14:14',1126,NULL,NULL,1226,NULL),(1227,'InfoNode','Elder Hyung Kwan Kim','2008-05-02 18:13:17','2008-05-02 18:14:14',1126,NULL,NULL,1227,NULL),(1228,'InfoNode','Elder Daniel Lyons','2008-05-02 18:13:17','2008-05-02 18:14:14',1126,NULL,NULL,1228,NULL),(1229,'InfoNode','Elder Charles Valdez','2008-05-02 18:13:18','2008-05-02 18:14:14',1126,NULL,NULL,1229,NULL),(1232,'InfoNode','Elder Lucas Wild','2008-05-02 18:13:18','2008-05-02 18:14:14',1126,NULL,NULL,1232,NULL),(1236,'InfoNode','Sister Patti Thomas','2008-05-02 18:20:35','2008-05-02 18:20:35',1219,NULL,NULL,1236,NULL),(1237,'InfoNode','Sister Louise Arkell','2008-05-02 18:20:35','2008-05-02 18:20:35',1219,NULL,NULL,1237,NULL),(1238,'InfoNode','Elder Jason Arias','2008-05-02 18:20:35','2008-05-02 18:20:35',1219,NULL,NULL,1238,NULL),(1239,'InfoNode','Elder Pierre Robert','2008-05-02 18:22:14','2008-05-02 18:22:14',1148,NULL,NULL,1239,NULL),(1240,'InfoNode','Elder Thomas Smith','2008-05-02 18:22:14','2008-05-02 18:22:14',1148,NULL,NULL,1240,NULL),(1241,'Attribute','Calling','2008-05-02 18:22:37','2008-05-05 00:55:02',797,NULL,'Stake President',1241,NULL),(1242,'Attribute','Phone','2008-05-02 18:22:37','2008-05-05 00:55:02',797,NULL,'781-659-4702',1242,NULL),(1243,'Attribute','Calling','2008-05-02 18:27:44','2008-05-02 18:28:21',809,NULL,'Bishopric, 1st Counselor',1243,NULL),(1244,'Attribute','Calling','2008-05-02 18:29:34','2008-05-02 18:57:28',808,NULL,'Bishop',1244,NULL),(1245,'Attribute','Email','2008-05-02 18:29:34','2008-05-02 18:57:28',808,NULL,'tlbadstubn@aol.com',1245,NULL),(1246,'Attribute','First Name','2008-05-02 18:29:35','2008-05-02 18:57:28',808,NULL,'Tom',1246,NULL),(1247,'Attribute','Last Name','2008-05-02 18:29:35','2008-05-02 18:57:28',808,NULL,'Badstubner',1247,NULL),(1248,'Attribute','Phone','2008-05-02 18:29:35','2008-05-02 18:57:28',808,NULL,'508-883-3545',1248,NULL),(1249,'InfoNode','Stake','2008-05-02 19:02:19','2008-05-02 19:02:19',782,NULL,NULL,1249,NULL),(1250,'InfoNode','Charles Volpetti','2008-05-02 19:05:14','2008-05-02 19:05:14',784,NULL,NULL,1250,NULL),(1251,'InfoNode','Bryan Ward','2008-05-02 19:05:14','2008-05-02 19:05:14',784,NULL,NULL,1251,NULL),(1252,'InfoNode','Matt Allen','2008-05-02 19:05:14','2008-05-02 19:05:14',784,NULL,NULL,1252,NULL),(1253,'InfoNode','Jim Irey','2008-05-02 19:05:14','2008-05-02 19:05:14',784,NULL,NULL,1253,NULL),(1254,'InfoNode','Robert White','2008-05-02 19:05:14','2008-05-02 19:05:14',784,NULL,NULL,1254,NULL),(1255,'InfoNode','Leadership','2008-05-02 19:06:56','2008-05-02 19:06:57',1249,NULL,NULL,1255,NULL),(1256,'InfoNode','Missionaries In','2008-05-02 19:06:57','2008-05-02 19:06:57',1249,NULL,NULL,1256,NULL),(1257,'InfoNode','Missionaries Out','2008-05-02 19:06:57','2008-05-02 19:06:57',1249,NULL,NULL,1257,NULL),(1258,'Attribute','Calling','2008-05-02 19:08:47','2008-05-02 19:10:16',1250,NULL,'Stake Presidency, 1st Counselor',1258,NULL),(1259,'Attribute','Email','2008-05-02 19:08:47','2008-05-02 19:10:16',1250,NULL,'cvolpetti@aol.com',1259,NULL),(1260,'Attribute','First Name','2008-05-02 19:08:47','2008-05-02 19:10:16',1250,NULL,'Charles',1260,NULL),(1261,'Attribute','Last Name','2008-05-02 19:08:48','2008-05-02 19:10:16',1250,NULL,'Volpetti',1261,NULL),(1262,'Attribute','Phone','2008-05-02 19:08:48','2008-05-02 19:10:16',1250,NULL,'508-224-7295',1262,NULL),(1263,'Attribute','Calling','2008-05-02 19:10:48','2008-05-02 19:11:43',1251,NULL,'Stake Presidency, 2nd Counselor',1263,NULL),(1264,'Attribute','Email','2008-05-02 19:10:49','2008-05-02 19:11:43',1251,NULL,'bward@westwoodglobal.com',1264,NULL),(1265,'Attribute','First Name','2008-05-02 19:10:49','2008-05-02 19:11:43',1251,NULL,'Bryan',1265,NULL),(1266,'Attribute','Last Name','2008-05-02 19:10:49','2008-05-02 19:11:43',1251,NULL,'Ward',1266,NULL),(1267,'Attribute','Phone','2008-05-02 19:10:49','2008-05-02 19:11:43',1251,NULL,'508-359-5377',1267,NULL),(1268,'Attribute','Calling','2008-05-02 19:12:15','2008-05-02 19:13:02',1252,NULL,'Stake Executive Secretary',1268,NULL),(1269,'Attribute','Email','2008-05-02 19:12:16','2008-05-02 19:13:02',1252,NULL,'matt.r.allen@gmail.com',1269,NULL),(1270,'Attribute','First Name','2008-05-02 19:12:16','2008-05-02 19:13:02',1252,NULL,'Matt',1270,NULL),(1271,'Attribute','Last Name','2008-05-02 19:12:16','2008-05-02 19:13:02',1252,NULL,'Allen',1271,NULL),(1272,'Attribute','Phone','2008-05-02 19:12:16','2008-05-02 19:13:02',1252,NULL,'508 520 0563',1272,NULL),(1273,'Attribute','Calling','2008-05-02 19:13:21','2008-05-02 19:14:21',1253,NULL,'Stake Clerk',1273,NULL),(1274,'Attribute','Email','2008-05-02 19:13:21','2008-05-02 19:14:21',1253,NULL,'jimirey2@gmail.com',1274,NULL),(1275,'Attribute','First Name','2008-05-02 19:13:21','2008-05-02 19:14:21',1253,NULL,'Jim',1275,NULL),(1276,'Attribute','Last Name','2008-05-02 19:13:21','2008-05-02 19:14:21',1253,NULL,'Irey',1276,NULL),(1277,'Attribute','Phone','2008-05-02 19:13:22','2008-05-02 19:14:21',1253,NULL,'508-399-8601',1277,NULL),(1278,'Attribute','Calling','2008-05-02 19:14:41','2008-05-02 19:15:25',1254,NULL,'Stake Technology Specialist',1278,NULL),(1279,'Attribute','Email','2008-05-02 19:14:41','2008-05-02 19:15:25',1254,NULL,'rwhite38l@verizon.net',1279,NULL),(1280,'Attribute','First Name','2008-05-02 19:14:42','2008-05-02 19:15:25',1254,NULL,'Robert',1280,NULL),(1281,'Attribute','Last Name','2008-05-02 19:14:42','2008-05-02 19:15:25',1254,NULL,'White',1281,NULL),(1282,'Attribute','Phone','2008-05-02 19:14:42','2008-05-02 19:15:25',1254,NULL,'508-533-3077',1282,NULL),(1295,'InfoNode','projects','2008-05-07 14:28:19','2008-05-07 14:28:19',NULL,NULL,NULL,1295,NULL),(1296,'InfoNode','BITI','2008-05-07 14:28:59','2008-05-07 14:28:59',1295,NULL,NULL,1296,NULL),(1297,'InfoNode','Cetera and Data Lineage','2008-05-07 14:28:59','2008-05-07 14:28:59',1295,NULL,NULL,1297,NULL),(1298,'InfoNode','GRC','2008-05-07 14:28:59','2008-05-07 14:28:59',1295,NULL,NULL,1298,NULL),(1299,'InfoNode','Cloud','2008-05-07 14:29:00','2008-05-07 14:29:00',1295,NULL,NULL,1299,NULL),(1300,'InfoNode','_templates','2008-05-07 14:29:48','2008-05-07 14:29:48',1295,NULL,NULL,1300,NULL),(1301,'InfoNode','proj_info','2008-05-07 14:30:00','2008-05-07 14:30:00',1300,NULL,NULL,1301,NULL),(1302,'InfoNode','Staff','2008-05-07 14:30:42','2008-05-07 14:30:42',1301,NULL,NULL,1302,NULL),(1303,'InfoNode','Requirements','2008-05-07 14:30:42','2008-05-07 14:30:42',1301,NULL,NULL,1303,NULL),(1304,'InfoNode','HW Resources','2008-05-07 14:30:42','2008-05-07 14:30:42',1301,NULL,NULL,1304,NULL),(1305,'InfoNode','HW Resources','2008-05-07 14:31:19','2008-05-07 14:31:19',1297,NULL,NULL,1305,NULL),(1306,'InfoNode','Requirements','2008-05-07 14:31:19','2008-05-07 14:31:20',1297,NULL,NULL,1306,NULL),(1307,'InfoNode','Staff','2008-05-07 14:31:20','2008-05-07 14:31:20',1297,NULL,NULL,1307,NULL),(1308,'Attribute','Owner','2008-05-07 14:32:07','2008-05-07 14:32:07',1301,NULL,'string',1308,NULL),(1309,'Attribute','Due Date','2008-05-07 14:32:07','2008-05-07 14:32:07',1301,NULL,'date',1309,NULL),(1310,'Attribute','Due Date','2008-05-07 14:32:12','2008-05-07 14:32:13',1297,NULL,'',1310,NULL),(1311,'Attribute','Owner','2008-05-07 14:32:13','2008-05-07 14:32:13',1297,NULL,'',1311,NULL),(1312,'Section','Title ','2008-05-07 14:33:35','2008-05-07 14:33:35',1297,'pwfjh wof yuwoe fyow yfowe yf[o',NULL,1312,NULL),(1313,'InfoNode','Stake Audit Committee','2008-05-09 11:01:52','2008-05-09 11:01:52',783,NULL,NULL,1313,NULL),(1314,'InfoNode','Stake Clerk Items','2008-05-09 11:02:21','2008-05-09 11:02:21',783,NULL,NULL,1314,NULL),(1319,'InfoNode','2008 Q1','2008-05-09 11:05:38','2008-05-09 11:05:38',1313,NULL,NULL,1319,NULL),(1320,'Section','Actions Required by Unit','2008-05-09 11:09:54','2008-07-29 08:51:31',1319,'table(compact\" width=\"100%\" cellspacing=\"1px).\n| *Unit* | *Who* | *What* | *By&nbsp;When&nbsp;* | *Status* |\n| Family History Center | Br Wayne M | Ask about handling of funds in FHCs | 31-May-08| Open |\n| Cape Cod | Br Wild | Training: Handling of deposits | 15-Jun-08 | Open |\n| Brewster | Br Truscott | Work with clerk to correctly apply interest postings | 15-Jun-08 | Open |\n| Fall River| Br Lambert | Ensure on-line training taken on processing deposits | 15-Jun-08 | Open |\n| North Dartmouth | Pr Ward + Pr Erickson | Speak with Bishop about management of Other funds and accts | 15-Jun-08 | Open |\n| North Dartmouth | Br Wild | Work with Financial Clerk on dealing with Other funds | 15-Jun-08 | Open |\n\ntable(compact\" width=\"100%\" cellspacing=\"1px).\n| *Unit* | *Who* | *What* | *By&nbsp;When&nbsp;* | *Status* |\n| Hingham  | Br Larsen | Training: Monthly reconciliations | 15-Jun-08 | DONE |\n| Hingham FHC | Br Larsen | Ensure new procedures are followed in handling funds | 30-Jun-08 | DONE |\n| Hingham FHC | Br White | Ensure proper web filtering SW is on computers | 30-May-08 | DONE |\n| North Dartmouth FHC | Cody | Help them to sort out handling of funds | 15-Jun-08 | DONE |\n| Franklin | Br Wild | Ensure they clear their other acct of the neg balance | 15-Jun-08 | DONE |\n| Foxboro | Pr Erickson | Discuss with Bishop how to recover dbl-spend of budget and proper use of Other funds | 15-Jun-08 | DONE |\n| Stake Account | Br Wild | Followup on June receipts to cover $3K expense | ASAP | DONE |',NULL,1320,NULL),(1321,'Attribute','Due Date','2008-05-18 19:06:51','2008-05-18 19:06:51',1296,NULL,'',1321,NULL),(1322,'Attribute','Owner','2008-05-18 19:06:51','2008-05-18 19:06:51',1296,NULL,'',1322,NULL),(1323,'InfoNode','HW Resources','2008-05-18 19:06:52','2008-05-18 19:06:52',1296,NULL,NULL,1323,NULL),(1324,'InfoNode','Requirements','2008-05-18 19:06:52','2008-05-18 19:06:52',1296,NULL,NULL,1324,NULL),(1325,'InfoNode','Staff','2008-05-18 19:06:52','2008-05-18 19:06:52',1296,NULL,NULL,1325,NULL),(1326,'InfoNode','Alena Injury','2008-05-28 10:04:57','2008-06-09 10:33:46',NULL,NULL,NULL,1326,'   <h3>Doctors</h3>\r\n\r\n<%= table_of_subnodes \"Doctors\" %>\r\n\r\n<% for doc in @docs %>\r\n\r\n   <h3><%= doc.name %></h3>\r\n   <div> <%= rc_format(doc.body) %> </div>\r\n\r\n<% end %>\r\n\r\n<!-- end -->\r\n'),(1327,'InfoNode','Doctors','2008-05-28 10:05:11','2008-07-05 09:45:49',1326,NULL,NULL,1327,'\n<%= table_of_subnodes(@sub_nodes) %>'),(1328,'InfoNode','Toback','2008-05-28 10:06:11','2008-05-28 10:06:11',1327,NULL,NULL,1328,NULL),(1329,'InfoNode','Donnahue and Hoffman','2008-05-28 10:06:11','2008-05-28 10:06:11',1327,NULL,NULL,1329,NULL),(1331,'InfoNode','tem','2008-05-28 10:06:39','2008-05-28 10:06:39',1326,NULL,NULL,1331,NULL),(1332,'InfoNode','doc','2008-05-28 10:06:50','2008-05-28 10:06:50',1331,NULL,NULL,1332,NULL),(1333,'Attribute','Phone','2008-05-28 10:07:19','2008-05-28 10:07:19',1332,NULL,'string',1333,NULL),(1334,'Attribute','Addr','2008-05-28 10:07:19','2008-05-28 10:07:19',1332,NULL,'string',1334,NULL),(1337,'Attribute','Addr','2008-05-28 10:08:44','2008-05-28 10:25:49',1329,NULL,'150 East Manning St, Providence, RI',1337,NULL),(1338,'Attribute','Phone','2008-05-28 10:08:44','2008-05-28 10:25:49',1329,NULL,'401-272-2020',1338,NULL),(1339,'Attribute','Addr','2008-05-28 10:09:52','2008-07-12 14:33:58',1328,NULL,'School St, Pawtucket, RI',1339,NULL),(1340,'Attribute','Phone','2008-05-28 10:09:53','2008-07-12 14:33:58',1328,NULL,'401-728-6990',1340,NULL),(1341,'Section','Notes','2008-05-28 10:20:31','2008-06-18 20:28:06',1326,'On abbrasions\n# Wash with saline solution - do not irratate the area\n# Apply healing cream so that it is always moist - do not let it dry out\n# See plastic surgeon to ensure proper healing',NULL,1341,NULL),(1342,'Attribute','Specialty','2008-05-28 10:24:57','2008-05-28 10:24:57',1332,NULL,'string',1342,NULL),(1343,'Attribute','Specialty','2008-05-28 10:25:06','2008-07-12 14:33:58',1328,NULL,'Dermatology',1343,NULL),(1344,'Attribute','Specialty','2008-05-28 10:25:25','2008-05-28 10:25:49',1329,NULL,'Plastic surgery - near eyes',1344,NULL),(1345,'InfoNode','Referrals','2008-06-18 18:46:24','2008-06-18 18:46:24',1332,NULL,NULL,1345,NULL),(1346,'InfoNode','Referrals','2008-06-18 18:46:38','2008-06-18 18:46:38',1329,NULL,NULL,1346,NULL),(1347,'InfoNode','Referrals','2008-06-18 18:52:42','2008-06-18 18:52:43',1328,NULL,NULL,1347,NULL),(1348,'Attribute','Date of injury','2008-06-18 18:54:10','2008-06-18 18:54:10',1326,NULL,'2008-05-01',1348,NULL),(1349,'Attribute','Cost','2008-06-18 18:54:10','2008-06-18 18:54:10',1326,NULL,'$1,110',1349,NULL),(1350,'Attribute','Cost','2008-06-18 18:55:23','2008-07-12 14:33:58',1328,NULL,'$300',1350,NULL),(1351,'Attribute','Date of injury','2008-06-18 18:55:23','2008-07-12 14:33:58',1328,NULL,'2008-05-11',1351,NULL),(1411,'InfoNode','Robert Barlow','2008-06-21 12:33:02','2008-06-21 12:33:02',784,NULL,NULL,1411,NULL),(1412,'Attribute','Calling','2008-06-21 12:33:16','2008-06-21 12:33:56',1411,NULL,'Branch President',1412,NULL),(1413,'Attribute','Email','2008-06-21 12:33:16','2008-06-21 12:33:56',1411,NULL,'bungybug@comcast.net',1413,NULL),(1414,'Attribute','First Name','2008-06-21 12:33:16','2008-06-21 12:33:56',1411,NULL,'Robert',1414,NULL),(1415,'Attribute','Last Name','2008-06-21 12:33:16','2008-06-21 12:33:56',1411,NULL,'Barlow',1415,NULL),(1416,'Attribute','Phone','2008-06-21 12:33:16','2008-06-21 12:33:56',1411,NULL,'508-398-7867 ',1416,NULL),(1417,'InfoNode','Steven Higginson','2008-06-21 12:45:33','2008-06-21 12:45:33',784,NULL,NULL,1417,NULL),(1418,'Attribute','Calling','2008-06-21 12:45:41','2008-06-21 12:47:11',1417,NULL,'Branch President',1418,NULL),(1419,'Attribute','Email','2008-06-21 12:45:41','2008-06-21 12:47:11',1417,NULL,'schigginson@verizon.net',1419,NULL),(1420,'Attribute','First Name','2008-06-21 12:45:41','2008-06-21 12:47:11',1417,NULL,'Steven',1420,NULL),(1421,'Attribute','Last Name','2008-06-21 12:45:41','2008-06-21 12:47:11',1417,NULL,'Higginson',1421,NULL),(1422,'Attribute','Phone','2008-06-21 12:45:41','2008-06-21 12:47:11',1417,NULL,'unknown',1422,NULL),(1423,'InfoNode','Robert Clarke','2008-06-24 17:03:06','2008-06-24 17:03:06',784,NULL,NULL,1423,NULL),(1424,'Attribute','Calling','2008-06-24 17:03:14','2008-06-24 17:04:21',1423,NULL,'Bishopric, 1st Counselor',1424,NULL),(1425,'Attribute','Email','2008-06-24 17:03:15','2008-06-24 17:04:21',1423,NULL,'rclarke55@gmail.com',1425,NULL),(1426,'Attribute','First Name','2008-06-24 17:03:15','2008-06-24 17:04:21',1423,NULL,'Robert',1426,NULL),(1427,'Attribute','Last Name','2008-06-24 17:03:15','2008-06-24 17:04:21',1423,NULL,'Clarke',1427,NULL),(1428,'Attribute','Phone','2008-06-24 17:03:15','2008-06-24 17:04:21',1423,NULL,'508-743-5622',1428,NULL),(1429,'InfoNode','Jim Mack','2008-06-24 17:08:37','2008-06-24 17:08:37',784,NULL,NULL,1429,NULL),(1430,'Attribute','Calling','2008-06-24 17:08:45','2008-06-24 17:09:51',1429,NULL,'Branch Presidency, 2nd Counselor',1430,NULL),(1431,'Attribute','Email','2008-06-24 17:08:45','2008-06-24 17:09:51',1429,NULL,'jimack104@comcast.net',1431,NULL),(1432,'Attribute','First Name','2008-06-24 17:08:46','2008-06-24 17:09:51',1429,NULL,'Jim',1432,NULL),(1433,'Attribute','Last Name','2008-06-24 17:08:46','2008-06-24 17:09:51',1429,NULL,'Mack',1433,NULL),(1434,'Attribute','Phone','2008-06-24 17:08:46','2008-06-24 17:09:51',1429,NULL,'508-673-4620',1434,NULL),(1441,'InfoNode','Nathan Sandland','2008-06-24 17:26:19','2008-06-24 17:26:19',784,NULL,NULL,1441,NULL),(1442,'Attribute','Calling','2008-06-24 17:26:26','2008-06-24 17:27:15',1441,NULL,'Assistant Ward Clerk',1442,NULL),(1443,'Attribute','Email','2008-06-24 17:26:26','2008-06-24 17:27:15',1441,NULL,'nathan@sandlands.org',1443,NULL),(1444,'Attribute','First Name','2008-06-24 17:26:26','2008-06-24 17:27:15',1441,NULL,'Nathan',1444,NULL),(1445,'Attribute','Last Name','2008-06-24 17:26:26','2008-06-24 17:27:15',1441,NULL,'Sandland',1445,NULL),(1446,'Attribute','Phone','2008-06-24 17:26:27','2008-06-24 17:27:15',1441,NULL,'781-335-6262',1446,NULL),(1447,'InfoNode','Jonathan Polleys','2008-06-24 17:30:31','2008-06-24 17:30:31',784,NULL,NULL,1447,NULL),(1448,'Attribute','Calling','2008-06-24 17:30:36','2008-06-24 17:31:27',1447,NULL,'Branch Clerk',1448,NULL),(1449,'Attribute','Email','2008-06-24 17:30:36','2008-06-24 17:31:27',1447,NULL,'jonathanpolleys@comcast.net',1449,NULL),(1450,'Attribute','First Name','2008-06-24 17:30:36','2008-06-24 17:31:27',1447,NULL,'Jonathan',1450,NULL),(1451,'Attribute','Last Name','2008-06-24 17:30:36','2008-06-24 17:31:27',1447,NULL,'Polleys',1451,NULL),(1452,'Attribute','Phone','2008-06-24 17:30:36','2008-06-24 17:31:27',1447,NULL,'508-627-3163',1452,NULL),(1453,'InfoNode','Bishops','2008-06-24 19:17:24','2008-12-09 12:54:58',781,NULL,NULL,1453,'<p class=\"spacer\">&nbsp;</p>\n\n<%\n   bishops = elements_with_all_tags(\'is_person\')\n   bishops = bishops.select{|p| [\'Bishop\',\'Branch President\'].include?(p.get_attr_value(\'Calling\')) } \n\n   emails = bishops.collect{|p| \"#{p.name} &lt;#{p.get_attr_value(\'Email\')}&gt;\" }\n%>\n\n<%= labeled_node_list bishops, :label => \'Bishops\' %>\n\n<h3>Bishop (or Counselor) E-Mail Addresses (comma separated)</h3>\n\n<p>\n<%= emails.join(\",<br />\")  %>\n</p>\n\n<h3>Bishoprics and Stake Leadership (as of 12/08)</h3>\n<p>\nmatt.r.allen@gmail.com, thmsarmtg@aol.com, tlbadstubn@aol.com, bungybug@comcast.net, mabsaguaro@comcast.net, bradbennion@verizon.net, berryphotos@comcast.net, stevebetznotary@aol.com, john.biega@verizon.net, dpblackburn@gmail.com, bart.byerly@genzyme.com, jcalkins@detma.org, rgc8146@aol.com, rclarke55@gmail.com, cookad@yahoo.com, corb.doug@epa.gov, phcorkum@juno.com, doaners@yahoo.com, cgdoughty@aol.com, d_eastman@hotmail.com, leif.erickson@fmr.com, tom-flanagan@comcast.net, joegiles2@yahoo.com, griggw@southcoast.org, bobgrovescc@aol.com, jesseohansen@yahoo.com, codyscottharward@yahoo.com, jodyheaton@mac.com, schigginson@verizon.net, c.hocking@comcast.net, jimirey2@gmail.com, dlandrith@mac.com, gdlaws@comcast.net, PaulLeitch_@msn.com, jimack104@comcast.net, KMacKaybyu@hotmail.com, csmaire@aol.com, miles.davemiles@gmail.com, gmoessing@netscape.net, brockandkristina@gmail.com, Scottorton@Hotmail.com, billpellegrini@yahoo.com, ffkp19@earthlink.net, japeterson@deloitte.com, barbarapeterson43@attbi.com, jonathanpolleys@comcast.net, OldMayhewFarm@gmail.com, rick.rice@live.com, usafe7ret@gmail.com, nathan@sandlands.org, mark.small6@verizon.net, evan.smith@bingham.com, Sean_Spearin@hillspet.com, paulspencerlds@yahoo.com, cjwt4@comcast.net, frank.truscott@iai.com, martyteaches@msn.com, cvolpetti@aol.com, bward@westwoodglobal.com, rwestergard@ascoa.com, rwhite38l@verizon.net, fredwild@gmail.com, wzagieboylo@msn.com, zeller101@verizon.net\n</p>\n'),(1454,'InfoNode','Unit Leadership Directory','2008-06-25 11:28:30','2008-06-26 14:15:30',781,NULL,NULL,1454,'<div>\n\n   <h3>Unit Leadership Directory</h3>\n\n   <% for unit in @node.parent.get_subnodes_of(\"Units\") %>\n      <h5 style=\"margin-top:12px;\"><%=unit.name%></h5>\n      <%= table_of_subnodes unit.get_subnode_by_name(\"Leadership\"), :order_by => \'Calling\' %>\n   <% end %>\n\n</div>'),(1455,'InfoNode','Missionaries','2008-06-25 11:54:20','2008-06-25 11:57:06',781,NULL,NULL,1455,'<div>\n   <h3>Missionaries</h3>\n   <% for unit in @node.parent.get_subnodes_of(\"Units\") %>\n      <% missionaries = unit.get_subnode_by_name(\"Missionaries Out\").children %>\n      <% if missionaries.size > 0 %>\n         <div style=\"float:left; width:28%; margin-left:1%; margin-top:12px;\">\n         <h5><%=unit.name%></h5>\n         <%= table_of_subnodes missionaries %>\n         </div>\n      <% end %>\n   <% end %>\n</div>'),(1456,'Section','wiki page','2008-06-26 15:52:58','2011-01-28 23:04:29',667,'h2. This is a heading\r\n\r\nSome text above the outline\r\n* Greetings\r\n** Hello \r\n** Hi there\r\n** [[Linked Page Title]]\r\n** [[Hosting]]\r\n** [[>New Page]]\r\n\r\nh2. Alena\'s Space\r\n\r\n[[Alena Pages]]\r\n\r\n[[Dad\'s Pages]]\r\n\r\nh2. An image and a few other items\r\n\r\n{image:fred.jpg}\r\n\r\n[[Introduction to OntoRave]]\r\n\r\n[[The seasons]]\r\n\r\n# Hello \r\n## Hello\r\n## Hello\r\n# Hello\r\n##  Hello\r\n## Hello\r\n\r\nh3. A Table\r\n\r\n| Site 1 | Site 2 |\r\n| [[Diana and sleeping]] | [[Test one two]] |\r\n\r\nh1. Level 1 header on a major topic\r\n\r\nh2. This is a level 2 header \r\n\r\nAnd then a bunch of words.  And then a bunch of words.  And then a bunch of words.  And then a bunch of words.  And then a bunch of words.  And then a bunch of words.  And then a bunch of words.  And then a bunch of words.  And then a bunch of words.  And then a bunch of words.  And then a bunch of words.  And then a bunch of words.  And then a bunch of words.  \r\n\r\nAnd then a bunch of words.  And then a bunch of words.  And then a bunch of words.  And then a bunch of words.  And then a bunch of words.  And then a bunch of words.  And then a bunch of words.  And then a bunch of words.  And then a bunch of words.  And then a bunch of words.  And then a bunch of words.  And then a bunch of words.  \r\n\r\nh3. Level 3 header\r\n\r\nAnd then a bunch of words.  And then a bunch of words.  And then a bunch of words.  And then a bunch of words.  And then a bunch of words.  And then a bunch of words.  And then a bunch of words.  And then a bunch of words.  And then a bunch of words.  And then a bunch of words.  And then a bunch of words.  And then a bunch of words.  And then a bunch of words.  And then a bunch of words.  And then a bunch of words.  And then a bunch of words.  And then a bunch of words.  And then a bunch of words.  And then a bunch of words.  And then a bunch of words.  And then a bunch of words.  And then a bunch of words.  And then a bunch of words.  And then a bunch of words.  And then a bunch of words.  \r\n\r\nh3. Level 3 header\r\n\r\nAnd then a bunch of words.  And then a bunch of words.  And then a bunch of words.  And then a bunch of words.  And then a bunch of words.  And then a bunch of words.  And then a bunch of words.  And then a bunch of words.  And then a bunch of words.  And then a bunch of words.  And then a bunch of words.  And then a bunch of words.  And then a bunch of words.  And then a bunch of words.  And then a bunch of words.  And then a bunch of words.  And then a bunch of words.  And then a bunch of words.  And then a bunch of words.  And then a bunch of words.  And then a bunch of words.  And then a bunch of words.  And then a bunch of words.  And then a bunch of words.  And then a bunch of words.  ',NULL,1456,NULL),(1465,'Section','wiki page','2008-06-26 20:13:06','2008-06-26 20:13:06',781,'Empty...',NULL,1465,NULL),(1466,'InfoNode','Linked Page Title','2008-06-26 20:32:28','2008-06-26 20:32:28',667,NULL,NULL,1466,NULL),(1467,'Section','wiki page','2008-06-26 20:32:28','2008-06-29 21:47:15',1466,'Go Back [[Hosting]]\n\n[[This is another page]]',NULL,1467,NULL),(1468,'Section','wiki page','2008-06-28 08:12:48','2008-06-28 08:12:48',706,'Empty...',NULL,1468,NULL),(1492,'Section','wiki page','2008-06-28 09:06:20','2008-06-29 22:25:04',674,'Empty...\n\nSee also: [[David Hay]], [[Tirvi]], [[ARVC]]',NULL,1492,NULL),(1493,'Section','wiki page','2008-06-28 09:11:32','2008-06-28 09:11:32',688,'Empty...',NULL,1493,NULL),(1496,'InfoNode','Introduction to OntoRave','2008-06-28 12:34:05','2008-06-28 12:34:05',667,NULL,NULL,1496,NULL),(1497,'Section','wiki page','2008-06-28 12:34:06','2008-06-28 18:23:01',1496,'h2. This is a test list\n\n* a\n* b\n* c \n\nh2. Another list\n\n# first\n## hmm\n# seconfd\n# third',NULL,1497,NULL),(1507,'InfoNode','Diana and sleeping','2008-06-28 23:03:40','2008-06-28 23:03:40',667,NULL,NULL,1507,NULL),(1508,'Section','wiki page','2008-06-28 23:03:40','2008-06-29 13:14:45',1507,'This is the story of Diana and her sleepiness ... \n\n[[Term 1]]   --  [[Term 2]]\n\nA \"subnotebook\":http://en.wikipedia.org/wiki/Subnotebook (or ultraportable computer) is a small and lightweight portable computer, with most of the features of a standard laptop computer but smaller. The term is often applied to systems that run full versions of desktop operating systems such as Windows or Linux, rather than specialized software such as Windows CE, Palm OS or Internet Tablet OS. The term \"ultra-mobile PC\" (UMPC) is also frequently used to refer to such machines, although this also refers to a small form-factor tablet PC platform.\n\nSubnotebooks are smaller than laptops but larger than handheld computers and UMPCs. They often have screens, usually measuring 10.6 inches (26.92cm) to 13.3 inches (33.78cm), and a weight less than 1 kg up to about 2 kg; as opposed to full-size laptops with 14.1 (35.81cm) to 15.4 inches (39.12cm) screens and a weight of 2 kg or more. The savings in size and weight are usually achieved partly by omitting ports or having removable media/optical drives; subnotebooks are often paired with docking stations to compensate.\n\nSubnotebooks have been something of a niche computing product and have rarely sold in large numbers until the 2007 introduction of the Asus Eee PC and the OLPC XO-1[1], known as ultra low-cost PC (ULPC or ULCPC), which are inexpensive in comparison to both existing machines in that form factor, and computers in general.',NULL,1508,NULL),(1509,'InfoNode','Term 1','2008-06-28 23:04:21','2008-06-28 23:04:21',667,NULL,NULL,1509,NULL),(1510,'Section','wiki page','2008-06-28 23:04:22','2008-06-29 12:29:37',1509,'This is about Term 1 ... \n\nSee also:   [[Term 2]]\n\nh1. la la la ',NULL,1510,NULL),(1511,'InfoNode','Term 2','2008-06-28 23:04:46','2008-06-28 23:04:46',667,NULL,NULL,1511,NULL),(1512,'Section','wiki page','2008-06-28 23:04:46','2008-06-28 23:07:25',1511,'\nThe def of term 2. \n\nSee also:   [[Term 1]]',NULL,1512,NULL),(1513,'Section','wiki page','2008-06-28 23:53:14','2008-06-28 23:53:14',675,'Empty...',NULL,1513,NULL),(1516,'InfoNode','New Page','2008-06-29 22:23:49','2008-06-29 22:23:49',667,NULL,NULL,1516,NULL),(1517,'Section','wiki page','2008-06-29 22:23:49','2008-07-01 15:52:02',1516,'The snoring page:  [[zzzzzzzzzz]]\r',NULL,1517,NULL),(1518,'Section','wiki page','2008-06-29 22:25:27','2008-06-29 22:25:27',698,'Empty...',NULL,1518,NULL),(1521,'InfoNode','Test one two','2008-06-29 22:34:36','2008-06-29 22:34:36',667,NULL,NULL,1521,NULL),(1522,'Section','wiki page','2008-06-29 22:34:37','2008-06-29 22:34:37',1521,'Empty...',NULL,1522,NULL),(1523,'InfoNode','The seasons','2008-06-29 22:50:30','2008-06-29 22:50:30',667,NULL,NULL,1523,NULL),(1524,'Section','wiki page','2008-06-29 22:50:36','2008-06-29 22:50:51',1523,'How I do love summer',NULL,1524,NULL),(1525,'Attribute','Status','2008-07-01 13:42:09','2008-07-01 14:06:19',667,NULL,'OK',1525,NULL),(1526,'Attribute','A long attr name','2008-07-01 13:46:22','2008-07-01 14:04:52',667,NULL,'A long attr value',1526,NULL),(1528,'InfoNode','Alena Pages','2008-07-01 15:22:58','2008-07-01 15:22:58',667,NULL,NULL,1528,NULL),(1529,'Section','wiki page','2008-07-01 15:22:58','2008-07-01 16:08:03',1528,'Here are links to my favorite spots:\n\n\"GMail\":http://gmail.google.com/\n\n\"My Wild Ones\":http://mywildones.com/\n\n[[Notes on BYU]]\n\n[[Alena\'s Web Spaces]]',NULL,1529,NULL),(1532,'InfoNode','Notes on BYU','2008-07-01 15:28:06','2008-07-01 15:28:06',667,NULL,NULL,1532,NULL),(1533,'Section','wiki page','2008-07-01 15:28:06','2008-07-01 15:29:39',1532,'Go back to [[Alena Pages]]',NULL,1533,NULL),(1536,'InfoNode','Alena\'s Web Spaces','2008-07-01 16:08:59','2008-07-01 16:08:59',667,NULL,NULL,1536,NULL),(1537,'Section','wiki page','2008-07-01 16:08:59','2008-07-01 16:08:59',1536,'Empty...',NULL,1537,NULL),(1538,'InfoNode','Dad\'s Pages','2008-07-01 16:52:10','2008-07-01 16:52:10',667,NULL,NULL,1538,NULL),(1539,'Section','wiki page','2008-07-01 16:52:11','2008-07-01 16:53:28',1538,'This is a set of pages authored by Me.\n\nBack to top: [[Hosting]]',NULL,1539,NULL),(1540,'InfoNode','TestOntoRave','2008-07-01 19:37:00','2008-07-03 18:51:10',NULL,NULL,NULL,1540,''),(1541,'Section','wiki page','2008-07-01 19:38:52','2009-08-01 18:54:29',1540,'!>fred.jpg!\r\n\r\nh2. Welcome to OntoRave!\r\n\r\nHello and welcome to OntoRave!  \r\n\r\nOn first inspection, OntoRave looks like a WiKi. In fact, it is meant to offer features that are familiar to WiKi users, but there\'s more...\r\n\r\nOntoRave brings together a number of interesting things that make the WiKi style much more useful.  Among the things that OntoRave does that you won\'t find [yet] in other WiKi-like information capture environments are these:\r\n* Tagging \r\n* Attributes\r\n* Hierarchies of topics\r\n\r\nThis is a [[Sample topic]] - at one time it was a red-link ... following a red link will create a topic with that title.\r\n\r\nTo add pages of your own, please see the [[OntoRave Reference]] and then start adding your own topics under [[User areas]] - and don\'t worry if your pages end up somewhere else; things are easily re-arranged later if needed. \r\n\r\nYou are now in a given Domain called \"TestOntoRave\" ... OntoRave is a multi-tenant application, able to host any number of domains in a single server.  As a member of this domain, you can see and edit its pages, but others belonging to different domains can not.  \r\n\r\n\r\nh2. More information\r\n\r\nSee these topics for more:\r\n* See the markup of this page as an example by clicking the Edit button\r\n* Browse the \"Textile Markup Reference\":http://hobix.com/textile/ \r\n\r\nSee also:\r\n[[@onto_help]]\r\n\r\n... and here is a tabular list of those same items with their attributes.\r\n\r\n||@onto_help||\r\n',NULL,1541,NULL),(1542,'InfoNode','OntoRave Reference','2008-07-02 07:58:27','2008-07-02 07:58:27',1540,NULL,NULL,1542,NULL),(1543,'Section','wiki page','2008-07-02 08:06:50','2008-10-25 02:37:36',1542,'||.||\n\nh2. Resources\n\nPlease see these resources for more information\n* Browse the \"Textile Markup Reference\":http://hobix.com/textile/ \n\nh2. Special content macros\n\n* *&#91;&#91;Topic Title]]* inserts a link to the named topic.  If the topic does not exist, the link will be in red. Following the link creates the topic page and places you in the mode of editing its contents.\n* *&#91;&#91;>Topic Title]]* find topic directly under the current topic; create under current topic if it needs to be created. \n* *&#91;&#91;>>Topic Title]]* find topic in the subtree of topics under the current topic; create under current topic if it needs to be created. \n* *&#91;&#91;1234]]* link to topic by ID - see upper-right corner of any view for a topic\'s ID number. As a consequence of allowing the same topic title to be used for multiple topics at different levels in the hierarchy, a direct ID reference is sometimes required to unambiguously refer to a topic. This also safely links the topic by a value that is not change-able, as opposed to link-by-name, which can be broken when topics are renamed. \n\n* *&#91;&#91;@tag_name(s)]]* inserts a list of topics that are marked by the given tag name(s). Separate multiple tags by spaces. \n* *&#124;&#124;@tag_name(s)||* inserts an attribute table of topics that are marked by the given tag name(s). Separate multiple tags by spaces. \n\n* *&#91;&#91;>]]* inserts the list of subtopics found immediately under the current topic. \n* *&#124;&#124;>||* inserts an attribute table of subtopics found immediately under the current topic.\n\n* *&#124;&#124;.||* inserts an attribute table for just the current topic. \n\n* *&#123;&#123;Topic Title}}* finds the topic by name and inserts the full text of the topic in-line at this point.\n* *&#123;&#123;1234}}* finds the topic by ID and inserts the full text of the topic number in-line at this point.\n\n<hr/>\n\nh5. Table options\n\nTake a look at this example to see how to specify table options\n\n||@is_person|| { :select => [\'Name\', \'E-Mail\'], :order_by => \'E-Mail\' }\n\n<hr/>\n\n\nh2. Philosophy\n\nh3. Why tagging?  \n\nTags are useful in navigation and in applying semantic rules. First, \'tag\' is short way of saying \'classification label\' and as such tags are used... well... to classify things.  If I tag a topic with a tag called \'project\' I can now ask for the set of topics that bear the tag \'project\' and my project topic will be among the matching items. This is different, and better, from having to manually maintain a page that lists projects, and hope that everyone remembers to update the list.  Also, the tag \'project\' can be used to collect topics, and to apply rules & constraints to such topics as we will later see. \n\nFurther, we can assign multiple tags.  For example, I can assign the tags \'active\' or \'finished\' as well.  Now I can find active projects or finished projects by asking for topics with tags in these combinations.  What I am effectively doing is asking for topics in the intersection of the sets of topics marked by each tag.  We can do several interesting things in OntoRave by leveraging tags as classifications.  See the macros above, for example. \n\nh3. Why attributes?  \n\nAttributes are useful for keeping discrete facts about a topic, without needing to read and parse the body of a topic to find them.  So, if we would like to provide a *milestone status* indicator on our project description, we can do so using an attribute, and use markup macros to automatically create tabular summaries of attributes of topics with certain tags.  E.g., we can ask for a table of active projects with their current milestone status.  \n\nIf it is helpful, think of your topics as information objects, and attributes as descriptive properties attached to those objects that are useful to know from the *outside* of the object, that is, without diving into the text inside. \n\nh3. Why topic hierarchies?\n\nWhen organizing information, we use structure to help us.  Recognize that topics don\'t naturally form a flat space; there are topics, and within them there are subtopics that address specialized areas.  A browse-able hierarchy of topics allows us to group related items, and provides a helpful outline to follow that is separate from the content.  \n\nCombining this structure with the open-ended support for creating hyperlink references between topics, one creates a \"threaded hierarchy\" which is arguably more familiar and meaningful than a flat reference graph with no starting points.  \n\nThat said, use of hierarchy is optional.  OntoRave allows you to just link topics in the usual WiKi way.  Also, it is important to consider what creating a threaded hierarchy means to the information reader/browser.  Many times, it makes more sense to place subtopics as sections within a topic, separated by section headers. \n\nIn a typical WiKi, there is no concept of \"belongs to\" among topics. Instead, all topic pages are of equal importance, relevance, and scope.    \n\nSo, how does this add up to advice about when to create a topic, subtopic, or topic section?  I suggest the following guidelines. \n* Don\'t create hierarchies arbitrarily; they should form a cohesive body of knowlege. \n* Think of topic hierarchies in the context of composing chapters of a book.  Within a book, text may refer to another book, or to chapters of other books, but the topics *within* a given book are strongly composed together, and it should make sense for them to be strongly associated in this way. \n* In an information flow, topics that feel like \"see also\" topics should stand on their own, outside of the current hierarchy. \n* How strongly is a subtopic connected to its outer topic?  So much so, that if you delete the outer topic, the subtopic goes with it, and its subtopics, all the way down.  That\'s how you should think of the relationship between topics and subtopics. If the outer topic becomes irrelevant, the subtopic becomes irrelevant as well. \n\nSubtopic attributes can be rolled up and presented in the context of an outer topic. See above. \n\nLastly, there is the intent to soon provide a feature to combine the topics within a topic hierarchy in such a way that a single \"book\" view of the whole can be presented. \n\n\nh2. Advanced features\n\nh5. Templates\n\nOne of the more exciting features of OntoRave is its ability to template entire hierarchies of information nodes.  When a template is established, it should be tagged with a tag that uses the naming convention \'as_XYZ\' where XYZ is the name of the template as you want it to be referred to by nodes that follow it.  \n\nTo follow a template, an information node needs to have a tag that uses the naming convention \'is_XYZ\' ... which is to say this information item is an XYZ, apply the structure of the information item that demonstrates what it means to act as an XYZ. \n\nContent, attributes and subtopics are all considered part of a template, and are copied into any node that follows it. Also, if to add items to a template, the next time you open a node that follows it, the node will be caught up to be consistent with the items added. Note that items are never removed from followers if they are removed from a template, becuase the items within the followers may have siginifcant content that would be otherwise be lost. \n\nNote that template entries do not need to occur in any special place within the information node hierarchy.  Nevertheless, by convention it is a good idea to keep them together.  \n\nYou can see this demonstrated in the example having to do with the [[person]] template entry.  If you inspect this node, you will see that in both has both content, and a set of attributes. Both will be promoted to any information node that follows it.  \n\nh5. Automatic tagging\n\nWhen you create a new person subtopic under [[User areas]] it automatically acquires the \'is_person\' tag, and in turn a set of attributes from the person template.  How does the \'is_person\' tag get applied to the subtopic?  This tag was added to the [[User areas]] topic with a scope setting to apply it to all subtopics on-going.  \n',NULL,1543,NULL),(1544,'InfoNode','User areas','2008-07-02 08:07:25','2008-07-02 08:07:26',1540,NULL,NULL,1544,NULL),(1545,'Section','wiki page','2008-07-02 08:07:30','2009-08-29 15:07:48',1544,'The topics under this one are meant to be the starting points for topics that individual users would catalogue. \r\n\r\n\r\nLook to the left margin for the current subtopics of this topic. \r\n\r\nYou can add another... \r\n\r\nNext level subtopics can be enumerated in a list like this (see edit view):\r\n[[>]]\r\n\r\nThat\'s easy.\r\n\r\nHow about a table of their attributes:\r\n\r\n||>||\r\n\r\nAlso easy.\r\n\r\n[[>Fred]] is a ref to Fred\'s page and only if it is directly below this topic.\r\n\r\n\r\nh2. Topic page inclusions by ID and by name\r\n\r\n<table>\r\n<tr>\r\n<td valign=\"top\">{{1558}}</td>\r\n<td valign=\"top\">{{Diana}}</td>\r\n</tr>\r\n</table>\r\n',NULL,1545,NULL),(1548,'InfoNode','Beta Feedback','2008-07-02 08:49:30','2008-07-02 08:49:30',1540,NULL,NULL,1548,NULL),(1549,'Section','wiki page','2008-07-02 08:49:30','2008-07-16 13:37:21',1548,'Please add your comments here:\n\n* Need a better explanation of attributes.\n\n* Need to be able to assign attributes to multiple selected topics at once\n* Need to be able to assign tags to multiple selected topics at once\n* Add the notion of a \"select list\" to support the above\n\n* Need a tabular edit view (like a spreadsheet) for editing attributes in cells, having the selected objects all in rows. \n\n* The need to go to the Edit view to add/modify attributes seems too \"modal\" ... it should be possible right in the topic view page (as it is for tags)',NULL,1549,NULL),(1554,'Attribute','Scope','2008-07-02 15:15:29','2008-07-02 15:15:30',1548,NULL,'Beta',1554,NULL),(1555,'Attribute','Scope','2008-07-02 15:16:12','2008-12-09 13:15:56',1542,NULL,'Beta',1555,NULL),(1558,'InfoNode','Fred','2008-07-02 18:27:49','2008-07-05 16:04:30',1544,NULL,NULL,1558,NULL),(1559,'InfoNode','Diana','2008-07-02 18:27:50','2008-07-02 18:27:50',1544,NULL,NULL,1559,NULL),(1561,'Section','wiki page','2008-07-02 18:29:26','2008-09-28 01:09:01',1559,'h2. Projects going on around the house\n\n* [[Things for Diana to do]]\n* [[Things for Fred to do]]\n',NULL,1561,NULL),(1566,'Section','wiki page','2008-07-02 18:30:19','2008-09-27 23:06:18',1560,'\nHello, \n\nThese are my subtopics:\n\n[[>]]\n',NULL,1566,NULL),(1567,'Section','wiki page','2008-07-02 19:10:19','2009-01-26 04:50:07',1558,'h2. Projects going on around the house\n\n* [[Things for Fred to do]]\n* [[Things for Diana to do]]\n\n[[Where does this end up?]]\n\nSee [[1548]]\n\n[[986123946]]\n',NULL,1567,NULL),(1568,'Attribute','Author','2008-07-02 22:22:33','2008-07-12 09:04:29',1542,NULL,'Fred W',1568,NULL),(1569,'Attribute','Author','2008-07-02 22:23:07','2008-07-02 22:23:07',1548,NULL,'Various',1569,NULL),(1570,'Attribute','Version','2008-07-02 22:26:45','2009-01-26 05:01:59',1542,NULL,'0.3',1570,NULL),(1571,'InfoNode','Lexi','2008-07-03 22:03:23','2008-07-03 22:03:23',1560,NULL,NULL,1571,NULL),(1572,'Section','wiki page','2008-07-03 22:03:30','2008-07-03 22:03:30',1571,'Empty...',NULL,1572,NULL),(1573,'InfoNode','Contacts','2008-07-03 22:04:05','2008-07-05 14:40:41',1560,NULL,NULL,1573,NULL),(1574,'Section','wiki page','2008-07-03 23:19:58','2008-07-03 23:19:58',1573,'Empty...',NULL,1574,NULL),(1575,'Attribute','First, text','2008-07-03 23:21:29','2008-07-03 23:21:29',1573,NULL,'',1575,NULL),(1576,'Attribute','Last, text','2008-07-03 23:21:29','2008-07-03 23:21:29',1573,NULL,'',1576,NULL),(1577,'Attribute','cell, text','2008-07-03 23:21:29','2008-07-03 23:21:29',1573,NULL,'',1577,NULL),(1578,'Attribute','home, text','2008-07-03 23:21:29','2008-07-03 23:21:29',1573,NULL,'',1578,NULL),(1579,'Attribute','email, text','2008-07-03 23:21:29','2008-07-03 23:21:29',1573,NULL,'',1579,NULL),(1580,'Attribute','Employer, text','2008-07-03 23:21:29','2008-07-03 23:21:29',1573,NULL,'',1580,NULL),(1581,'InfoNode','Rebecca Northup','2008-07-03 23:23:28','2008-07-03 23:23:28',1573,NULL,NULL,1581,NULL),(1582,'Section','wiki page','2008-07-03 23:23:34','2008-07-03 23:23:34',1581,'Empty...',NULL,1582,NULL),(1583,'Attribute','E-Mail','2008-07-04 23:47:11','2008-07-04 23:47:11',1559,NULL,'dianawild@gmail.com',1583,NULL),(1584,'Attribute','E-Mail','2008-07-04 23:47:44','2008-07-04 23:47:44',1558,NULL,'fredwild@gmail.com',1584,NULL),(1585,'Attribute','E-Mail','2008-07-04 23:48:19','2008-10-25 02:38:10',1560,NULL,'asdalbon@comcast.net',1585,NULL),(1593,'InfoNode','Things for Diana to do','2008-07-05 13:10:08','2008-07-05 13:10:08',1559,NULL,NULL,1593,NULL),(1594,'Section','wiki page','2008-07-05 13:10:08','2008-07-05 13:10:08',1593,'Empty...',NULL,1594,NULL),(1596,'Section','wiki page','2008-07-05 13:10:21','2008-07-05 13:10:21',1595,'Empty...',NULL,1596,NULL),(1597,'InfoNode','Things for Fred to do','2008-07-05 13:10:29','2008-07-05 13:10:29',1558,NULL,NULL,1597,NULL),(1598,'Section','wiki page','2008-07-05 13:10:29','2008-07-05 13:10:29',1597,'Empty...',NULL,1598,NULL),(1607,'InfoNode','Guinea Pigery','2008-07-06 16:38:09','2008-07-06 16:38:09',1559,NULL,NULL,1607,NULL),(1608,'Section','wiki page','2008-07-06 16:38:14','2009-08-29 15:06:25',1607,'[[>]]\r\n\r\n||>||\r\n',NULL,1608,NULL),(1609,'InfoNode','Oreo','2008-07-06 16:39:58','2008-07-06 16:39:58',1607,NULL,NULL,1609,NULL),(1610,'InfoNode','Butterscotch','2008-07-06 16:39:58','2008-07-06 16:39:58',1607,NULL,NULL,1610,NULL),(1611,'InfoNode','Goldie','2008-07-06 16:39:58','2008-07-06 16:39:58',1607,NULL,NULL,1611,NULL),(1612,'InfoNode','Patches','2008-07-06 16:39:59','2008-07-06 16:39:59',1607,NULL,NULL,1612,NULL),(1613,'InfoNode','Blaze','2008-07-06 16:39:59','2008-07-06 16:39:59',1607,NULL,NULL,1613,NULL),(1614,'InfoNode','Marshie','2008-07-06 16:39:59','2008-07-06 16:39:59',1607,NULL,NULL,1614,NULL),(1615,'Section','wiki page','2008-07-06 16:40:15','2010-09-15 19:46:18',1613,'!blaze.com!\r\n\r\nAbysinian and American Silk\r\n\r\nBlaze came from Oceans of Pets in Cumberland, RI\r\n\r\nBlaze died, with [[Marshie]], of heatstroke when she was out in the run on an extraordinarily hot day.',NULL,1615,NULL),(1616,'Attribute','Birthdate','2008-07-06 16:44:29','2008-07-06 16:57:50',1613,NULL,'2008-04-01',1616,NULL),(1617,'Attribute','Color','2008-07-06 16:44:29','2008-07-06 16:57:50',1613,NULL,'Black, White & Cream',1617,NULL),(1618,'Section','wiki page','2008-07-06 16:46:42','2010-09-15 19:47:40',1611,'!goldie1.jpg!\r\n\r\nAbysinian\r\n\r\nh5. Bottlefeeding Goldie having been orphaned after the death of her mother [[Caramel]].  \r\n\r\n[[Marshie]] adopted Goldie and fed and cared for her as if she was part of her own [[Litter #1]]\r\n\r\n<div><object width=\"425\" height=\"344\"><param name=\"movie\" value=\"http://www.youtube.com/v/TXNqbIwN3P8&hl=en&fs=1\"></param><param name=\"allowFullScreen\" value=\"true\"></param><embed src=\"http://www.youtube.com/v/TXNqbIwN3P8&hl=en&fs=1\" type=\"application/x-shockwave-flash\" allowfullscreen=\"true\" width=\"425\" height=\"344\"></embed></object></div>\r\n\r\nGoldie died suddenly (apparently of dehydration) on November 9, 2008',NULL,1618,NULL),(1619,'InfoNode','Caramel','2008-07-06 16:47:10','2008-07-06 16:47:10',1607,NULL,NULL,1619,NULL),(1620,'Section','wiki page','2008-07-06 16:47:32','2010-09-15 19:50:15',1619,'!caramel.jpg!\r\n\r\nAbysinian and Peruvian\r\n\r\nCaramel is the mother of [[Goldie]], she is also the mother of [[Toffee]]\r\n\r\nCaramel has had three litters of babies\r\n\r\nCaramel and [[Butterscotch]] had [[Litter #1]] on August 8, 2005 <br /> \r\nCaramel and [[Butterscotch]] had [[Litter #2]] on February 2, 2006 <br />\r\nCaramel and [[Butterscotch]] had [[Litter #3]] on July 7, 2006 <br /> \r\nCaramel and [[Patches]] had [[Litter #4]] on January 18, 2008 <br />\r\n\r\n\r\nCaramel died during the birth of Litter #4.\r\n',NULL,1620,NULL),(1621,'Section','wiki page','2008-07-06 16:48:26','2008-07-07 13:05:02',1609,'!oreo.jpg!\n\nOreo came from a pet shop in Johnston.\n\nOreo was [[Butterscotch]]\'s brother !Brothers.jpg!.\n\n!wfakegpigs.jpg!\n\nOreo died of a respiratory infection.',NULL,1621,NULL),(1622,'Section','wiki page','2008-07-06 16:50:38','2009-12-10 16:34:26',1612,'!patches.jpg!\r\n\r\nPatches came from a pet shop in Cranston (Garden City), RI',NULL,1622,NULL),(1623,'Section','wiki page','2008-07-06 16:51:18','2008-07-06 18:10:20',1614,'!marshie.jpg!\n\nMarshie came from Petco in Johnston, RI',NULL,1623,NULL),(1624,'Attribute','Color','2008-07-06 16:54:01','2008-07-06 23:29:40',1619,NULL,'Gold & White',1624,NULL),(1625,'Attribute','Birthdate','2008-07-06 16:54:01','2008-07-06 23:29:40',1619,NULL,'2008-03-30',1625,NULL),(1626,'Attribute','Color','2008-07-06 16:57:02','2008-07-06 16:57:02',1614,NULL,'Black, White and Gold',1626,NULL),(1627,'Attribute','Birthdate','2008-07-06 16:57:02','2008-07-06 16:57:02',1614,NULL,'2007-09-01',1627,NULL),(1628,'Attribute','Gender','2008-07-06 16:57:02','2008-07-06 16:57:02',1614,NULL,'Sow',1628,NULL),(1629,'Attribute','Gender','2008-07-06 16:57:29','2008-07-06 16:57:50',1613,NULL,'Boar',1629,NULL),(1630,'Attribute','Gender','2008-07-06 16:58:23','2008-07-06 23:29:40',1619,NULL,'Sow',1630,NULL),(1631,'Section','wiki page','2008-07-06 18:04:57','2010-09-15 19:46:44',1610,'!butterscotch.jpg!\r\n\r\nAbysinian\r\n\r\nButterscotch died of a heart attack at the ripe old age of 5.',NULL,1631,NULL),(1632,'InfoNode','Toffee','2008-07-06 18:07:11','2008-07-06 18:07:11',1607,NULL,NULL,1632,NULL),(1633,'Section','wiki page','2008-07-06 18:07:20','2010-09-15 19:44:32',1632,'!toffee.jpg!\r\n\r\nToffee lives with a family in Gloucester, RI.  He has a large cage on the floor, in the living room, where the family can talk to him and play with him whenever the fancy strikes them.',NULL,1633,NULL),(1634,'InfoNode','Litter #3','2008-07-06 18:08:09','2008-07-06 18:08:09',1619,NULL,NULL,1634,NULL),(1635,'Section','wiki page','2008-07-06 18:08:13','2008-07-06 18:08:27',1634,'!litter3.jpg!',NULL,1635,NULL),(1636,'InfoNode','Litter #1','2008-07-06 18:18:02','2008-07-06 18:35:55',1619,NULL,NULL,1636,NULL),(1637,'Section','wiki page','2008-07-06 18:18:02','2010-09-15 19:50:49',1636,'!Litter1.jpg!\r\n\r\n[[Toffee]] & [[Nutmeg]]\r\n\r\nNutmeg was adopted by the Bolton family.   One day, Makala Bolton (10) went down to visit Nutmeg and found two extra mini Nutmegs.  She had become pregnant by her brother, Toffee, before she had gone to the Boltons.  Naughty Nutmeg and Toffee!  The two babies joined the four that Caramel had at about the same time and went back to Oceans of Pets to be bought by some other piggy lover.',NULL,1637,NULL),(1639,'InfoNode','Litter #2','2008-07-06 18:27:47','2008-07-06 18:27:47',1619,NULL,NULL,1639,NULL),(1641,'InfoNode','Litter #4','2008-07-06 18:27:47','2008-07-06 18:27:47',1619,NULL,NULL,1641,NULL),(1644,'Section','wiki page','2008-07-06 18:28:56','2008-07-06 23:30:49',1639,'!litter2.jpg!',NULL,1644,NULL),(1645,'Section','wiki page','2008-07-06 18:29:14','2008-07-06 18:30:30',1641,'!Litter4.jpg!\n\n[[Goldie]] was orphaned after Caramel died during childbirth.',NULL,1645,NULL),(1646,'InfoNode','Litter #1','2008-07-06 18:44:09','2008-07-06 18:44:09',1614,NULL,NULL,1646,NULL),(1647,'Section','wiki page','2008-07-06 18:44:14','2008-07-06 18:55:44',1646,'h5. Litter #1 babies with [[Goldie]] their step sister.\n\n<object width=\"425\" height=\"344\"><param name=\"movie\" value=\"http://www.youtube.com/v/p2ONzkJ7TI0&hl=en&fs=1\"></param><param name=\"allowFullScreen\" value=\"true\"></param><embed src=\"http://www.youtube.com/v/p2ONzkJ7TI0&hl=en&fs=1\" type=\"application/x-shockwave-flash\" allowfullscreen=\"true\" width=\"425\" height=\"344\"></embed></object>\n\nThe two babies are Marshie\'s babies.\n\nBoar: [[Patches]]',NULL,1647,NULL),(1648,'Attribute','Color','2008-07-06 19:08:43','2008-07-06 19:08:43',1610,NULL,'Black, White & Gold',1648,NULL),(1649,'Attribute','Gender','2008-07-06 19:08:43','2008-07-06 19:08:43',1610,NULL,'Boar',1649,NULL),(1652,'Attribute','Gender','2008-07-06 19:20:13','2008-07-06 19:20:13',1611,NULL,'Sow',1652,NULL),(1653,'Attribute','Color','2008-07-06 19:20:13','2008-07-06 19:20:13',1611,NULL,'Gold & White',1653,NULL),(1654,'Attribute','Gender','2008-07-06 19:20:59','2008-07-06 19:20:59',1609,NULL,'Boar',1654,NULL),(1655,'Attribute','Color','2008-07-06 19:20:59','2008-07-06 19:20:59',1609,NULL,'Black & White',1655,NULL),(1656,'Attribute','Gender','2008-07-06 19:22:01','2008-07-06 19:22:01',1612,NULL,'Boar',1656,NULL),(1657,'Attribute','Color','2008-07-06 19:22:01','2008-07-06 19:22:01',1612,NULL,'White with Black & Gold patches',1657,NULL),(1658,'Attribute','Gender','2008-07-06 19:22:41','2008-07-06 19:22:41',1632,NULL,'Boar',1658,NULL),(1659,'Attribute','Color','2008-07-06 19:22:41','2008-07-06 19:22:41',1632,NULL,'Gold & White',1659,NULL),(1676,'Attribute','Birthdate','2008-07-07 13:04:08','2008-07-07 13:04:08',1610,NULL,'2000-11-15',1676,NULL),(1677,'Attribute','Birthdate','2008-07-07 13:04:58','2008-07-07 13:04:58',1609,NULL,'2000-11-15',1677,NULL),(1678,'InfoNode','Applications','2008-07-07 13:07:06','2008-07-07 14:03:07',1732,NULL,NULL,1678,NULL),(1679,'Section','wiki page','2008-07-07 13:07:11','2008-07-07 14:02:47',1678,'||>||',NULL,1679,NULL),(1680,'InfoNode','Enterprise Financial Management','2008-07-07 13:08:59','2008-07-07 13:41:18',1678,NULL,NULL,1680,NULL),(1681,'InfoNode','Human Capital Management','2008-07-07 13:08:59','2008-07-07 13:35:38',1678,NULL,NULL,1681,NULL),(1682,'InfoNode','Firewall Services Module','2008-07-07 13:08:59','2008-07-07 13:19:51',1678,NULL,NULL,1682,NULL),(1683,'Section','wiki page','2008-07-07 13:09:05','2008-07-07 13:24:32',1682,'Cisco Firewall Services Module (FWSM)a high-speed, integrated firewall module for Cisco Catalyst 6500 switches and Cisco 7600 Series routersprovides the fastest firewall data rates in the industry: 5-Gbps throughput, 100,000 CPS, and 1M concurrent connections. \r\n\r\nThe Cisco FWSM includes a number of advanced features that help reduce costs and operational complexity while enabling organizations to manage multiple firewalls from the same management platform. Features such as resource manager helps organizations limit the resources allocated to any security context at any time thus ensuring that one security context does not interfere with another. The transparent firewall feature configures the FWSM to act as a Layer 2 bridging firewall resulting in minimal changes to network topology.\r\n\r\n',NULL,1683,NULL),(1684,'Attribute','Acronym','2008-07-07 13:19:19','2008-07-07 13:19:19',1682,NULL,'FWSM',1684,NULL),(1685,'Attribute','Category','2008-07-07 13:22:09','2008-07-07 13:22:09',1682,NULL,'Infrastructure',1685,NULL),(1686,'Attribute','Vendor','2008-07-07 13:22:48','2008-07-07 13:22:48',1682,NULL,'Cisco',1686,NULL),(1687,'Attribute','License','2008-07-07 13:22:48','2008-07-07 13:22:48',1682,NULL,'',1687,NULL),(1688,'Attribute','Date Implemented','2008-07-07 13:23:03','2008-07-07 13:23:03',1682,NULL,'',1688,NULL),(1689,'InfoNode','Intelligent Services Gateway','2008-07-07 13:27:18','2008-07-07 13:27:18',1678,NULL,NULL,1689,NULL),(1690,'Section','wiki page','2008-07-07 13:27:47','2008-07-07 13:28:13',1689,'The Cisco Intelligent Services Gateway offers Service Providers an opportunity to take direct control of resources and characteristics in their broadband network to deliver next generation services by:\r\n\r\n* Controlling, securing & differentiating services via intelligent policies embedded directly in the network or received via open and standards-based control interfaces to the BSS \r\n* Customizing Service Convergence with zero-touch provisioning across customized networks \r\n* Distributing IP Session control into the network while simultaneously maintaining consistent PPP session control ',NULL,1690,NULL),(1691,'Attribute','Category','2008-07-07 13:28:55','2008-07-07 13:28:55',1689,NULL,'Infrastructure',1691,NULL),(1692,'Attribute','Vendor','2008-07-07 13:28:55','2008-07-07 13:28:55',1689,NULL,'Cisco',1692,NULL),(1693,'Attribute','Date Implemented','2008-07-07 13:28:55','2008-07-07 13:28:55',1689,NULL,'12/03/2006',1693,NULL),(1694,'Section','wiki page','2008-07-07 13:30:51','2008-07-07 13:44:08',1680,'A tool suite that helps the business gain visibility into business-critical information, strengthen financial discipline and governance best practices, and realize efficiencies by automating and standardizing key business processes. These applications integrate with other solutions across departmental lines to help you implement departmental and industry best practices for all of your business processes.',NULL,1694,NULL),(1695,'Attribute','Category','2008-07-07 13:32:33','2008-07-07 13:32:33',1680,NULL,'Business',1695,NULL),(1696,'Attribute','Vendor','2008-07-07 13:32:33','2008-07-07 13:32:33',1680,NULL,'Oracle',1696,NULL),(1697,'Attribute','Date Implemented','2008-07-07 13:32:33','2008-07-07 13:32:33',1680,NULL,'1/31/2001',1697,NULL),(1698,'Section','wiki page','2008-07-07 13:33:09','2008-07-07 13:42:51',1681,'A tool suite that unlocks the full value of your organization\'s workforce. PeopleSoft HCM enables you to put the right people in the right jobs, develop and reward top performers, retain key talent for the long term, and increase efficiency and operating performance throughout your organization.',NULL,1698,NULL),(1699,'Attribute','Vendor','2008-07-07 13:34:48','2008-07-07 13:34:48',1681,NULL,'Oracle',1699,NULL),(1700,'Attribute','Acronym','2008-07-07 13:34:48','2008-07-07 13:34:48',1681,NULL,'HCM',1700,NULL),(1701,'Attribute','License','2008-07-07 13:38:21','2008-07-07 13:38:21',1681,NULL,'',1701,NULL),(1702,'Attribute','Date Implemented','2008-07-07 13:38:21','2008-07-07 13:38:21',1681,NULL,'',1702,NULL),(1703,'Attribute','Acronym','2008-07-07 13:40:06','2008-07-07 13:40:06',1689,NULL,'ISG',1703,NULL),(1704,'Attribute','Acronym','2008-07-07 13:41:47','2008-07-07 13:41:47',1680,NULL,'EFM',1704,NULL),(1705,'Attribute','Category','2008-07-07 13:42:44','2008-07-07 13:42:44',1681,NULL,'Business',1705,NULL),(1706,'Attribute','Sourcing','2008-07-07 13:44:03','2008-07-07 13:44:03',1680,NULL,'Purchased',1706,NULL),(1707,'InfoNode','Application Servers','2008-07-07 13:45:08','2008-07-07 14:04:33',1732,NULL,NULL,1707,NULL),(1708,'InfoNode','Application Dependencies','2008-07-07 13:45:08','2008-07-07 14:04:10',1732,NULL,NULL,1708,NULL),(1709,'InfoNode','Application Datastore','2008-07-07 13:45:08','2008-07-07 14:03:33',1732,NULL,NULL,1709,NULL),(1710,'Section','wiki page','2008-07-07 13:45:15','2008-07-07 13:46:36',1709,'||>||',NULL,1710,NULL),(1713,'InfoNode','Peoplesoft Database','2008-07-07 13:46:55','2008-07-07 13:46:55',1709,NULL,NULL,1713,NULL),(1714,'Section','wiki page','2008-07-07 13:47:34','2008-07-07 13:47:34',1713,'Empty...',NULL,1714,NULL),(1715,'Attribute','Technology','2008-07-07 13:48:01','2008-07-07 13:48:01',1713,NULL,'SQL Server',1715,NULL),(1716,'Attribute','Type','2008-07-07 13:48:01','2008-07-07 13:48:01',1713,NULL,'Relational Database',1716,NULL),(1717,'InfoNode','Authorization Manager','2008-07-07 13:49:04','2008-07-07 13:49:04',1678,NULL,NULL,1717,NULL),(1718,'Section','wiki page','2008-07-07 13:49:55','2008-07-07 13:50:04',1717,'Authorization Manager provides a flexible framework for integrating role-based access control into applications. It enables administrators who use those applications to provide access through assigned user roles that relate to job functions. Authorization Manager applications store authorization policy in the form of authorization stores that are stored in Active Directory or XML files and apply authorization policy at runtime.',NULL,1718,NULL),(1719,'Attribute','Acronym','2008-07-07 13:52:14','2008-07-07 13:52:14',1717,NULL,'AUTHMGR',1719,NULL),(1720,'Attribute','Vendor','2008-07-07 13:52:14','2008-07-07 13:52:14',1717,NULL,'Microsoft',1720,NULL),(1721,'Attribute','License','2008-07-07 13:52:14','2008-07-07 13:52:14',1717,NULL,'',1721,NULL),(1722,'Section','wiki page','2008-07-07 13:52:35','2008-07-07 13:57:49',1708,'||>||',NULL,1722,NULL),(1723,'InfoNode','Peoplesoft to Auth Manager','2008-07-07 13:53:09','2008-07-07 13:53:09',1708,NULL,NULL,1723,NULL),(1724,'Section','wiki page','2008-07-07 13:53:15','2008-07-07 13:57:30',1723,'Non-sensitive employee data is output from the [[Peoplesoft Database]] in the form of an XML file for use by [[Authorization Manager]].',NULL,1724,NULL),(1725,'Attribute','Frequency','2008-07-07 13:57:25','2008-07-07 13:57:25',1723,NULL,'Nightly',1725,NULL),(1726,'Attribute','Dependency Type','2008-07-07 13:57:25','2008-07-07 13:57:25',1723,NULL,'Batch',1726,NULL),(1727,'InfoNode','Auth Manager File','2008-07-07 13:58:34','2008-07-07 13:58:52',1709,NULL,NULL,1727,NULL),(1728,'Section','wiki page','2008-07-07 13:58:38','2008-07-07 14:00:25',1727,'A listing of all employees who may need access to enterprise systems.',NULL,1728,NULL),(1729,'Attribute','Datastore Type','2008-07-07 13:59:36','2008-07-07 13:59:36',1727,NULL,'File',1729,NULL),(1730,'Attribute','Technology','2008-07-07 13:59:36','2008-07-07 13:59:36',1727,NULL,'XML',1730,NULL),(1731,'Section','wiki page','2008-07-07 14:01:53','2008-07-07 14:01:53',1707,'Empty...',NULL,1731,NULL),(1732,'InfoNode','Application Inventory','2008-07-07 14:02:20','2008-07-07 14:02:20',1559,NULL,NULL,1732,NULL),(1733,'Section','wiki page','2008-07-07 14:03:08','2008-07-07 14:05:00',1732,'||>||\r',NULL,1733,NULL),(1734,'InfoNode','Margo','2008-07-09 11:43:10','2008-07-09 11:43:10',1559,NULL,NULL,1734,NULL),(1735,'Section','wiki page','2008-07-09 11:43:15','2008-07-12 15:27:12',1734,'Margo is my best friend.\n\nShe currently lives in Oregon. ',NULL,1735,NULL),(1736,'Attribute','Hair Color','2008-07-09 11:43:57','2008-07-09 11:43:57',1734,NULL,'Brown',1736,NULL),(1737,'Attribute','Birthdate','2008-07-09 11:43:57','2008-07-09 11:43:57',1734,NULL,'October 8',1737,NULL),(1738,'InfoNode','Children','2008-07-09 11:44:10','2008-07-09 11:44:10',1734,NULL,NULL,1738,NULL),(1739,'Section','wiki page','2008-07-09 11:44:15','2008-07-09 11:45:31',1738,'||>||',NULL,1739,NULL),(1740,'InfoNode','Trevor','2008-07-09 11:44:40','2008-07-09 11:44:40',1738,NULL,NULL,1740,NULL),(1741,'InfoNode','Griffin','2008-07-09 11:44:40','2008-07-09 11:44:40',1738,NULL,NULL,1741,NULL),(1742,'InfoNode','Beatrice','2008-07-09 11:44:40','2008-07-09 11:44:41',1738,NULL,NULL,1742,NULL),(1743,'Section','wiki page','2008-07-09 11:45:49','2008-07-09 11:45:49',1742,'Empty...',NULL,1743,NULL),(1744,'Attribute','Hair Color','2008-07-09 11:46:08','2008-07-09 11:46:08',1742,NULL,'Blond',1744,NULL),(1746,'Section','wiki page','2008-07-09 12:04:25','2008-07-09 12:04:25',1745,'Empty...',NULL,1746,NULL),(1747,'InfoNode','Fred\'s Reading List','2008-07-11 08:55:26','2008-07-11 08:55:26',1558,NULL,NULL,1747,NULL),(1748,'Section','wiki page','2008-07-11 08:55:30','2009-07-24 11:43:35',1747,'Books to read:\r\n\r\n* Weinberger, \"Everything is miscellaneous\" \r\n* Weinberger, \"Small pieces, loosely joined\"\r\n* Alexander, \"The nature of order\" (4 vols - 1st two have the meat)\r\n* Wendelken, \"Bussiness Rule Patterns\"\r\n* Aristotle\'s \"Organaut\" - 6 books on logic\r\n* Greene and Elffers, \"48 Laws of Power\"\r\n* Landauer, \"The Trouble with Computers\"',NULL,1748,NULL),(1749,'Section','wiki page','2008-07-12 15:25:12','2008-07-12 15:25:12',1741,'Empty...',NULL,1749,NULL),(1750,'Section','wiki page','2008-07-12 15:25:17','2008-07-12 15:25:17',1740,'Empty...',NULL,1750,NULL),(1751,'Attribute','Hair Color','2008-07-12 15:25:53','2008-07-12 15:25:53',1741,NULL,'Brown',1751,NULL),(1752,'Attribute','Hair Color','2008-07-12 15:26:22','2008-07-15 09:43:12',1740,NULL,'Brown',1752,NULL),(1753,'Section','wiki page','2008-07-13 20:42:04','2008-07-13 20:42:04',1453,'Empty...',NULL,1753,NULL),(1754,'Attribute','Birthdate','2008-07-15 09:41:52','2008-07-15 09:41:53',1742,NULL,'August 17',1754,NULL),(1755,'Attribute','Birthdate','2008-07-15 09:42:28','2008-07-15 09:42:28',1741,NULL,'November 5',1755,NULL),(1756,'Attribute','Birthdate','2008-07-15 09:42:54','2008-07-15 09:43:12',1740,NULL,'May 20',1756,NULL),(1761,'Section','wiki page','2008-07-21 10:12:11','2008-07-21 10:14:42',1760,'I\'m doing a study on \"power\" in the scriptures.  Please share your understanding and findings with me.  -Andrew',NULL,1761,NULL),(1762,'Attribute','Version','2008-07-21 18:45:21','2008-07-21 18:45:21',1548,NULL,'NA',1762,NULL),(1764,'Section','wiki page','2008-08-01 18:25:46','2008-08-01 18:33:46',1763,'This is a sample list\n* one \n* two \n* three \n\n[[>]]\n\n[[>>This is a test]]',NULL,1764,NULL),(1765,'InfoNode','sub1','2008-08-01 18:29:53','2008-08-01 18:29:53',1763,NULL,NULL,1765,NULL),(1766,'InfoNode','sub2','2008-08-01 18:29:53','2008-08-01 18:29:53',1763,NULL,NULL,1766,NULL),(1767,'Section','wiki page','2008-08-01 18:30:39','2008-08-01 18:34:26',1765,'\n\n[[@demo]]',NULL,1767,NULL),(1768,'InfoNode','This is a test','2008-08-01 18:32:24','2008-08-01 18:33:15',1765,NULL,NULL,1768,NULL),(1769,'Section','wiki page','2008-08-01 18:32:25','2008-08-01 18:32:28',1768,'Empty...',NULL,1769,NULL),(1771,'InfoNode','Sean Spearin','2008-09-06 15:28:52','2008-09-06 15:28:52',784,NULL,NULL,1771,NULL),(1772,'InfoNode','Marty Vieira','2008-09-06 15:28:52','2008-09-06 15:28:52',784,NULL,NULL,1772,NULL),(1773,'InfoNode','Wayne Perry','2008-09-06 15:28:52','2008-09-06 15:32:21',784,NULL,NULL,1773,NULL),(1774,'Attribute','Calling','2008-09-06 15:29:49','2008-09-06 15:32:07',1773,NULL,'Ward Clerk',1774,NULL),(1775,'Attribute','Email','2008-09-06 15:29:49','2008-09-06 15:32:07',1773,NULL,'ffkp19@earthlink.net',1775,NULL),(1776,'Attribute','First Name','2008-09-06 15:29:50','2008-09-06 15:32:08',1773,NULL,'Wayne',1776,NULL),(1777,'Attribute','Last Name','2008-09-06 15:29:50','2008-09-06 15:32:08',1773,NULL,'Perry',1777,NULL),(1778,'Attribute','Phone','2008-09-06 15:29:50','2008-09-06 15:32:08',1773,NULL,'508-996-2560',1778,NULL),(1779,'Attribute','Calling','2008-09-06 15:32:57','2008-09-06 15:34:04',1771,NULL,'First Counselor',1779,NULL),(1780,'Attribute','Email','2008-09-06 15:32:57','2008-09-06 15:34:05',1771,NULL,'Sean_Spearin@hillspet.com',1780,NULL),(1781,'Attribute','First Name','2008-09-06 15:32:58','2008-09-06 15:34:05',1771,NULL,'Sean',1781,NULL),(1782,'Attribute','Last Name','2008-09-06 15:32:58','2008-09-06 15:34:05',1771,NULL,'Spearin',1782,NULL),(1783,'Attribute','Phone','2008-09-06 15:32:58','2008-09-06 15:34:05',1771,NULL,'774-849-5596',1783,NULL),(1784,'Attribute','Calling','2008-09-06 15:34:20','2008-09-06 15:35:07',1772,NULL,'Second Counselor',1784,NULL),(1785,'Attribute','Email','2008-09-06 15:34:21','2008-09-06 15:35:07',1772,NULL,'martyteaches@msn.com',1785,NULL),(1786,'Attribute','First Name','2008-09-06 15:34:21','2008-09-06 15:35:07',1772,NULL,'Marty',1786,NULL),(1787,'Attribute','Last Name','2008-09-06 15:34:21','2008-09-06 15:35:07',1772,NULL,'Vieira',1787,NULL),(1788,'Attribute','Phone','2008-09-06 15:34:21','2008-09-06 15:35:07',1772,NULL,'508-636-5603',1788,NULL),(1789,'InfoNode','GenealogyConferencing','2008-09-12 17:09:00','2008-09-12 17:13:33',NULL,NULL,NULL,1789,''),(1790,'Section','wiki page','2008-09-12 17:09:35','2008-09-12 17:09:35',1789,'Empty...',NULL,1790,NULL),(1791,'InfoNode','_templates','2008-09-27 22:59:00','2008-09-28 01:15:03',1540,NULL,NULL,99999,''),(1792,'Section','wiki page','2008-09-27 22:59:05','2008-09-27 22:59:05',1791,'Empty...',NULL,1792,NULL),(1793,'InfoNode','person','2008-09-27 22:59:14','2008-09-27 22:59:14',1791,NULL,NULL,1793,NULL),(1794,'Section','wiki page','2008-09-27 22:59:16','2008-09-27 23:00:59',1793,'h3. Tell us about yourself\n\nh5. Work\n\nh5. Hobbies\n',NULL,1794,NULL),(1795,'Attribute','Phone','2008-09-27 23:00:44','2008-09-27 23:00:45',1793,NULL,'string',1795,NULL),(1796,'Attribute','E-Mail','2008-09-27 23:00:45','2008-09-27 23:03:39',1793,NULL,'string',1796,NULL),(1798,'Attribute','Phone','2008-09-27 23:01:34','2008-09-27 23:05:32',1560,NULL,'123-456-7890',1798,NULL),(1799,'Attribute','Phone','2008-09-27 23:07:02','2008-09-27 23:07:02',1558,NULL,'',1799,NULL),(1800,'Attribute','Phone','2008-09-27 23:07:56','2008-09-27 23:07:56',1559,NULL,'',1800,NULL),(1801,'InfoNode','Litter #2','2008-09-28 21:44:10','2008-09-28 21:44:10',1614,NULL,NULL,1801,NULL),(1802,'Section','wiki page','2008-09-28 21:44:14','2008-09-28 21:53:03',1801,'!Marshie_Litter2.jpg!\n\nMarshie and [[Patches]] had Litter 2 (only one baby) on Friday, September 26, 2008',NULL,1802,NULL),(1803,'Attribute','Birthdate','2008-09-28 22:10:18','2008-09-28 22:10:18',1611,NULL,'January 18, 2008',1803,NULL),(1804,'Attribute','Birthdate','2008-09-28 22:11:27','2008-09-28 22:11:27',1632,NULL,'August 8, 2005',1804,NULL),(1805,'InfoNode','Genealogy Conferences','2008-10-11 17:25:05','2008-10-11 17:25:05',1559,NULL,NULL,1805,NULL),(1806,'Section','wiki page','2008-10-11 17:25:09','2008-10-11 17:25:09',1805,'Empty...',NULL,1806,NULL),(1807,'InfoNode','HERITAGE HARVEST','2008-10-11 17:26:23','2008-10-11 17:26:23',1805,NULL,NULL,1807,NULL),(1808,'InfoNode','A Genealogy Conference','2008-10-11 17:26:23','2008-10-11 17:26:23',1805,NULL,NULL,1808,NULL),(1809,'Attribute','Where Born','2008-10-22 16:52:02','2008-10-22 16:52:03',1559,NULL,'England',1809,NULL),(1811,'Attribute','E-Mail','2008-10-22 16:53:43','2008-10-22 16:55:33',1810,NULL,'li_zongliang@emc.com',1811,NULL),(1812,'Attribute','Phone','2008-10-22 16:53:43','2008-10-22 16:55:34',1810,NULL,'123-456-7890',1812,NULL),(1813,'Section','wiki page','2008-10-22 16:53:43','2008-10-22 16:53:43',1810,'h3. Tell us about yourself\n\nh5. Work\n\nh5. Hobbies\n',NULL,1813,NULL),(1814,'Attribute','Role','2008-10-22 16:55:08','2008-10-22 16:55:08',1810,NULL,'Architect',1814,NULL),(1816,'Section','wiki page','2008-10-22 16:59:13','2008-10-22 17:00:59',1815,'h3. ATSG Members \n\n[[@atsg]]\n\n[[>This is a new topic]]\n',NULL,1816,NULL),(1817,'InfoNode','This is a new topic','2008-10-22 17:01:05','2008-10-22 17:01:05',1815,NULL,NULL,1817,NULL),(1818,'Section','wiki page','2008-10-22 17:01:05','2008-10-22 17:23:59',1817,'<h3>A Header</h3>\n\n||@is_person||{:select => [\'Name\', \'E-Mail\']}\n',NULL,1818,NULL),(1819,'InfoNode','OrgTracks','2008-11-13 03:23:07','2008-11-13 03:23:07',1559,NULL,NULL,1819,NULL),(1820,'Section','wiki page','2008-11-13 03:23:26','2008-11-13 03:23:28',1819,'Empty...',NULL,1820,NULL),(1821,'InfoNode','Objects','2008-11-13 03:23:52','2008-11-13 03:23:52',1819,NULL,NULL,1821,NULL),(1822,'InfoNode','Example Users','2008-11-13 03:23:59','2008-11-13 03:23:59',1819,NULL,NULL,1822,NULL),(1823,'Section','wiki page','2008-11-13 05:52:38','2008-11-13 05:52:39',1821,'Empty...',NULL,1823,NULL),(1824,'InfoNode','Person','2008-11-13 05:57:02','2008-11-13 05:57:02',1821,NULL,NULL,1824,NULL),(1825,'InfoNode','Member','2008-11-13 05:57:08','2008-11-13 05:57:08',1821,NULL,NULL,1825,NULL),(1826,'InfoNode','Speaker','2008-11-13 05:57:16','2008-11-13 05:57:16',1821,NULL,NULL,1826,NULL),(1827,'InfoNode','Patron','2008-11-13 05:57:25','2008-11-13 05:57:25',1821,NULL,NULL,1827,NULL),(1828,'InfoNode','Board Member','2008-11-13 05:57:31','2008-11-13 05:57:31',1821,NULL,NULL,1828,NULL),(1829,'InfoNode','Performer','2008-11-13 05:57:36','2008-11-13 05:57:36',1821,NULL,NULL,1829,NULL),(1830,'InfoNode','Paid Staff','2008-11-13 05:57:40','2008-11-13 05:57:40',1821,NULL,NULL,1830,NULL),(1831,'InfoNode','Volunteer','2008-11-13 05:57:45','2008-11-13 05:57:45',1821,NULL,NULL,1831,NULL),(1832,'InfoNode','Officer','2008-11-13 05:57:49','2008-11-13 05:57:49',1821,NULL,NULL,1832,NULL),(1833,'InfoNode','Donor','2008-11-13 05:57:53','2008-11-13 05:57:53',1821,NULL,NULL,1833,NULL),(1834,'InfoNode','Attendee','2008-11-13 05:57:57','2008-11-13 05:57:57',1821,NULL,NULL,1834,NULL),(1835,'InfoNode','Class','2008-11-13 05:58:01','2008-11-13 05:58:01',1821,NULL,NULL,1835,NULL),(1836,'InfoNode','Room','2008-11-13 05:58:05','2008-11-13 05:58:05',1821,NULL,NULL,1836,NULL),(1837,'InfoNode','Exhibitor','2008-11-13 05:58:10','2008-11-13 05:58:10',1821,NULL,NULL,1837,NULL),(1838,'InfoNode','External Entity','2008-11-13 05:58:14','2008-11-13 05:58:14',1821,NULL,NULL,1838,NULL),(1839,'InfoNode','Facility','2008-11-13 05:58:18','2008-11-13 05:58:18',1821,NULL,NULL,1839,NULL),(1840,'InfoNode','Calendar','2008-11-13 05:58:22','2008-11-13 05:58:22',1821,NULL,NULL,1840,NULL),(1841,'InfoNode','Activity','2008-11-13 05:58:26','2008-11-13 05:58:26',1821,NULL,NULL,1841,NULL),(1842,'InfoNode','Event','2008-11-13 05:58:30','2008-11-13 05:58:30',1821,NULL,NULL,1842,NULL),(1843,'InfoNode','Award','2008-11-13 05:58:35','2008-11-13 05:58:35',1821,NULL,NULL,1843,NULL),(1844,'InfoNode','Program','2008-11-13 05:58:41','2008-11-13 05:58:41',1821,NULL,NULL,1844,NULL),(1845,'InfoNode','Notification','2008-11-13 05:58:45','2008-11-13 05:58:45',1821,NULL,NULL,1845,NULL),(1846,'Section','wiki page','2008-11-13 05:58:56','2008-11-13 06:01:07',1834,'[[Person]]',NULL,1846,NULL),(1847,'Section','wiki page','2008-11-13 06:01:11','2008-11-13 06:01:14',1824,'Empty...',NULL,1847,NULL),(1848,'InfoNode','Fred\'s Blog','2008-12-19 04:09:24','2008-12-19 04:09:24',NULL,NULL,NULL,1848,NULL),(1849,'Section','wiki page','2008-12-19 04:09:26','2008-12-19 04:32:07',1848,'h3. Welcome\n\nHello and welcome to my blog.  I\'ve posted a number of writings on various topics. They are grouped into these categories:\n\n* [[A brief history of places I\'ve worked ]]\n* [[Things I want my kids to know]]\n',NULL,1849,NULL),(1851,'Section','wiki page','2008-12-19 04:21:52','2008-12-19 04:21:52',1850,'Empty...',NULL,1851,NULL),(1853,'Section','wiki page','2008-12-19 04:24:04','2008-12-19 04:24:04',1852,'Empty...',NULL,1853,NULL),(1855,'Section','wiki page','2008-12-19 04:39:48','2008-12-19 04:39:50',1854,'Empty...',NULL,1855,NULL),(1857,'Section','wiki page','2008-12-19 04:56:23','2008-12-19 04:56:25',1856,'Empty...',NULL,1857,NULL),(1859,'Section','wiki page','2008-12-19 04:57:44','2008-12-19 04:57:46',1858,'Empty...',NULL,1859,NULL),(1860,'InfoNode','John Stobart','2009-01-10 17:43:25','2009-01-10 17:43:25',1544,NULL,NULL,1860,NULL),(1861,'Attribute','E-Mail','2009-01-10 17:43:30','2009-01-10 17:43:32',1860,NULL,'',1861,NULL),(1862,'Attribute','Phone','2009-01-10 17:43:32','2009-01-10 17:43:32',1860,NULL,'',1862,NULL),(1863,'Section','wiki page','2009-01-10 17:43:32','2009-01-10 17:43:32',1860,'h3. Tell us about yourself\n\nh5. Work\n\nh5. Hobbies\n',NULL,1863,NULL),(1864,'InfoNode','1 Life in Derby','2009-01-10 17:44:12','2009-01-10 17:48:00',1860,NULL,NULL,1864,NULL),(1865,'InfoNode','2 College of Art','2009-01-10 17:44:12','2009-01-10 17:46:46',1860,NULL,NULL,1865,NULL),(1866,'InfoNode','Life in Canada','2009-01-10 17:44:12','2009-01-10 17:44:12',1860,NULL,NULL,1866,NULL),(1867,'InfoNode','Life in US','2009-01-10 17:44:12','2009-01-10 17:44:12',1860,NULL,NULL,1867,NULL),(1868,'Section','wiki page','2009-01-10 17:45:12','2009-01-10 17:45:13',1865,'Empty...',NULL,1868,NULL),(1869,'InfoNode','Paintings','2009-01-10 17:45:41','2009-01-10 17:45:41',1860,NULL,NULL,1869,NULL),(1870,'Section','wiki page','2009-01-10 17:47:15','2009-01-10 17:47:15',1864,'Empty...',NULL,1870,NULL),(1872,'Attribute','E-Mail','2009-01-25 20:52:59','2009-01-25 20:52:59',1871,NULL,'',1872,NULL),(1873,'Attribute','Phone','2009-01-25 20:52:59','2009-01-25 20:52:59',1871,NULL,'',1873,NULL),(1874,'Section','wiki page','2009-01-25 20:52:59','2009-01-25 20:52:59',1871,'h3. Tell us about yourself\n\nh5. Work\n\nh5. Hobbies\n',NULL,1874,NULL),(1875,'Section','wiki page','2009-01-26 04:48:29','2009-01-26 04:48:29',1867,'Empty...',NULL,1875,NULL),(1876,'Section','wiki page','2009-01-26 04:48:37','2009-01-26 04:48:38',1869,'Empty...',NULL,1876,NULL),(1878,'Section','wiki page','2009-01-26 04:50:18','2009-01-26 04:50:38',1877,'At the top level of course... ',NULL,1878,NULL),(1880,'Section','wiki page','2009-01-26 05:01:12','2009-01-26 05:01:12',1879,'Empty...',NULL,1880,NULL),(1881,'Section','wiki page','2009-07-24 11:42:50','2009-07-24 11:42:50',1759,'Empty...',NULL,1881,NULL),(1882,'Section','wiki page','2009-07-24 11:43:05','2009-07-24 11:43:05',1758,'Empty...',NULL,1882,NULL),(1883,'InfoNode','Nutmeg','2010-09-15 19:35:20','2010-09-15 19:35:20',1540,NULL,NULL,1883,NULL),(1884,'Section','wiki page','2010-09-15 19:35:20','2010-09-15 19:35:20',1883,'Empty...',NULL,1884,NULL),(1885,'Section','wiki page','2011-01-29 19:52:00','2011-01-29 19:52:00',689,'Empty...',NULL,1885,NULL),(1886,'Section','wiki page','2011-01-29 19:52:03','2011-01-29 19:52:03',668,'Empty...',NULL,1886,NULL),(1887,'InfoNode','South Coast Ward','2011-01-29 20:05:14','2011-01-29 20:05:14',782,NULL,NULL,1887,NULL),(1888,'InfoNode','Leadership','2011-01-29 20:05:32','2011-01-29 20:05:33',1887,NULL,NULL,1888,NULL),(1889,'InfoNode','Missionaries In','2011-01-29 20:05:33','2011-01-29 20:05:34',1887,NULL,NULL,1889,NULL),(1890,'InfoNode','Missionaries Out','2011-01-29 20:05:34','2011-01-29 20:05:35',1887,NULL,NULL,1890,NULL),(1891,'Attribute','Preferred Name','2012-12-31 19:03:56','2012-12-31 19:03:56',1559,NULL,'D',1891,NULL),(1892,'InfoNode','Family Trees','2012-12-31 19:08:35','2012-12-31 19:08:35',1540,NULL,NULL,1892,NULL),(1893,'Section','wiki page','2012-12-31 19:08:38','2012-12-31 19:11:16',1892,'||>||',NULL,1893,NULL),(1894,'InfoNode','Fred Wild','2012-12-31 19:08:47','2012-12-31 19:08:47',1892,NULL,NULL,1894,NULL),(1895,'Section','wiki page','2012-12-31 19:08:51','2012-12-31 19:08:51',1894,'Empty...',NULL,1895,NULL),(1896,'Attribute','Last Name','2012-12-31 19:09:59','2012-12-31 19:09:59',1894,NULL,'Wild',1896,NULL),(1897,'Attribute','First Name','2012-12-31 19:09:59','2012-12-31 19:09:59',1894,NULL,'Fred Hadley',1897,NULL),(1898,'Attribute','First Name Alt1','2012-12-31 19:09:59','2012-12-31 19:09:59',1894,NULL,'Fred H',1898,NULL),(1899,'InfoNode','Diana M Stobart','2012-12-31 19:15:07','2012-12-31 19:15:07',1892,NULL,NULL,1899,NULL),(1900,'Section','wiki page','2012-12-31 19:15:09','2012-12-31 19:25:18',1899,'Spouse:[[Fred H Wild]]',NULL,1900,NULL),(1901,'Attribute','Last Name','2012-12-31 19:16:00','2012-12-31 19:16:00',1899,NULL,'Stobart',1901,NULL),(1902,'Attribute','First Name','2012-12-31 19:16:00','2012-12-31 19:16:00',1899,NULL,'Diana M',1902,NULL),(1903,'Attribute','First Name Alt1','2012-12-31 19:16:00','2012-12-31 19:16:00',1899,NULL,'Diana M',1903,NULL),(1904,'Attribute','First Name Alt2','2012-12-31 19:16:00','2012-12-31 19:16:00',1899,NULL,'Diana M S',1904,NULL),(1905,'Attribute','E-Mail','2012-12-31 19:23:05','2012-12-31 19:23:05',1899,NULL,'',1905,NULL),(1906,'Attribute','Phone','2012-12-31 19:23:05','2012-12-31 19:23:05',1899,NULL,'',1906,NULL),(1907,'InfoNode','Fred H Wild','2012-12-31 19:25:20','2012-12-31 19:25:20',1540,NULL,NULL,1907,NULL),(1908,'Section','wiki page','2012-12-31 19:25:21','2012-12-31 19:25:21',1907,'Empty...',NULL,1908,NULL),(1909,'Attribute','E-Mail','2012-12-31 19:25:30','2012-12-31 19:25:30',1907,NULL,'',1909,NULL),(1910,'Attribute','Phone','2012-12-31 19:25:30','2012-12-31 19:25:30',1907,NULL,'',1910,NULL);
/*!40000 ALTER TABLE `items` ENABLE KEYS */;
UNLOCK TABLES;

--
-- Table structure for table `properties`
--

DROP TABLE IF EXISTS `properties`;
/*!40101 SET @saved_cs_client     = @@character_set_client */;
/*!40101 SET character_set_client = utf8 */;
CREATE TABLE `properties` (
  `id` int(11) NOT NULL AUTO_INCREMENT,
  `name` varchar(120) DEFAULT NULL,
  `value` varchar(120) DEFAULT NULL,
  `item_item_id` int(11) DEFAULT NULL,
  PRIMARY KEY (`id`),
  KEY `fk_properties_item_item_id` (`item_item_id`),
  KEY `property_name` (`name`),
  CONSTRAINT `fk_properties_item_item_id` FOREIGN KEY (`item_item_id`) REFERENCES `items` (`id`) ON DELETE CASCADE
) ENGINE=InnoDB AUTO_INCREMENT=570 DEFAULT CHARSET=latin1;
/*!40101 SET character_set_client = @saved_cs_client */;

--
-- Dumping data for table `properties`
--

LOCK TABLES `properties` WRITE;
/*!40000 ALTER TABLE `properties` DISABLE KEYS */;
INSERT INTO `properties` VALUES (9,'derived_from','436',462),(10,'derived_from','437',463),(11,'derived_from','436',469),(12,'derived_from','437',470),(13,'derived_from','425',473),(14,'derived_from','474',475),(22,'derived_from','488',494),(24,'derived_from','479',496),(25,'derived_from','481',497),(26,'derived_from','478',498),(27,'derived_from','477',485),(28,'derived_from','501',502),(45,'derived_from','652',647),(46,'derived_from','653',648),(48,'derived_from','654',656),(49,'derived_from','672',680),(50,'derived_from','671',681),(51,'derived_from','673',682),(52,'derived_from','685',686),(53,'derived_from','688',690),(54,'derived_from','689',691),(55,'derived_from','672',693),(56,'derived_from','671',694),(57,'derived_from','685',695),(58,'derived_from','673',696),(59,'derived_from','688',697),(60,'derived_from','689',698),(61,'derived_from','699',700),(62,'derived_from','699',701),(63,'derived_from','672',702),(64,'derived_from','671',703),(65,'derived_from','685',704),(66,'derived_from','673',705),(67,'derived_from','688',706),(68,'derived_from','689',707),(69,'derived_from','699',722),(70,'derived_from','724',725),(71,'derived_from','749',746),(72,'derived_from','752',750),(73,'derived_from','755',757),(75,'derived_from','753',759),(76,'derived_from','756',760),(77,'derived_from','761',762),(78,'derived_from','749',764),(79,'derived_from','755',768),(80,'derived_from','761',769),(81,'derived_from','753',770),(82,'derived_from','756',771),(83,'derived_from','752',772),(84,'derived_from','755',773),(85,'derived_from','761',774),(86,'derived_from','753',775),(87,'derived_from','756',776),(88,'derived_from','752',777),(89,'derived_from','749',780),(93,'derived_from','795',801),(94,'derived_from','787',802),(95,'derived_from','788',803),(96,'derived_from','795',804),(97,'derived_from','787',805),(98,'derived_from','788',806),(99,'derived_from','795',810),(100,'derived_from','787',811),(101,'derived_from','788',812),(102,'derived_from','813',814),(103,'derived_from','813',815),(104,'derived_from','816',807),(105,'derived_from','816',824),(106,'derived_from','795',825),(107,'derived_from','787',826),(108,'derived_from','788',827),(109,'derived_from','813',828),(110,'derived_from','816',829),(111,'derived_from','795',830),(112,'derived_from','787',831),(113,'derived_from','788',832),(114,'derived_from','813',833),(115,'derived_from','816',838),(116,'derived_from','795',839),(117,'derived_from','787',840),(118,'derived_from','788',841),(119,'derived_from','813',842),(120,'derived_from','816',843),(121,'derived_from','795',844),(122,'derived_from','787',845),(123,'derived_from','788',846),(124,'derived_from','813',847),(125,'derived_from','816',848),(126,'derived_from','795',849),(127,'derived_from','787',850),(128,'derived_from','788',851),(129,'derived_from','813',852),(130,'derived_from','816',854),(131,'derived_from','795',855),(132,'derived_from','787',856),(133,'derived_from','788',857),(134,'derived_from','813',858),(135,'derived_from','816',859),(136,'derived_from','795',860),(137,'derived_from','787',861),(138,'derived_from','788',862),(139,'derived_from','813',863),(140,'derived_from','816',864),(141,'derived_from','795',865),(142,'derived_from','787',866),(143,'derived_from','788',867),(144,'derived_from','813',868),(145,'derived_from','816',869),(146,'derived_from','795',870),(147,'derived_from','787',871),(148,'derived_from','788',872),(149,'derived_from','813',873),(150,'derived_from','816',874),(151,'derived_from','795',875),(152,'derived_from','787',876),(153,'derived_from','788',877),(154,'derived_from','813',878),(155,'derived_from','816',879),(156,'derived_from','795',880),(157,'derived_from','787',881),(158,'derived_from','788',882),(159,'derived_from','813',883),(160,'derived_from','816',887),(161,'derived_from','795',888),(162,'derived_from','787',889),(163,'derived_from','788',890),(164,'derived_from','813',891),(165,'derived_from','816',892),(166,'derived_from','795',893),(167,'derived_from','787',894),(168,'derived_from','788',895),(169,'derived_from','813',896),(170,'derived_from','816',897),(171,'derived_from','795',898),(172,'derived_from','787',899),(173,'derived_from','788',900),(174,'derived_from','813',901),(175,'derived_from','816',902),(176,'derived_from','795',903),(177,'derived_from','787',904),(178,'derived_from','788',905),(179,'derived_from','813',906),(180,'derived_from','816',919),(181,'derived_from','795',920),(182,'derived_from','787',921),(183,'derived_from','788',922),(184,'derived_from','813',923),(185,'derived_from','816',924),(186,'derived_from','795',925),(187,'derived_from','787',926),(188,'derived_from','788',927),(189,'derived_from','813',928),(190,'derived_from','816',929),(191,'derived_from','795',930),(192,'derived_from','787',931),(193,'derived_from','788',932),(194,'derived_from','813',933),(195,'derived_from','816',934),(196,'derived_from','795',935),(197,'derived_from','787',936),(198,'derived_from','788',937),(199,'derived_from','813',938),(200,'derived_from','816',939),(201,'derived_from','795',940),(202,'derived_from','787',941),(203,'derived_from','788',942),(204,'derived_from','813',943),(205,'derived_from','816',944),(206,'derived_from','795',945),(207,'derived_from','787',946),(208,'derived_from','788',947),(209,'derived_from','813',948),(210,'derived_from','816',949),(211,'derived_from','795',950),(212,'derived_from','787',951),(213,'derived_from','788',952),(214,'derived_from','813',953),(215,'derived_from','816',954),(216,'derived_from','795',955),(217,'derived_from','787',956),(218,'derived_from','788',957),(219,'derived_from','813',958),(220,'derived_from','816',959),(221,'derived_from','795',960),(222,'derived_from','787',961),(223,'derived_from','788',962),(224,'derived_from','813',963),(225,'derived_from','816',964),(226,'derived_from','795',965),(227,'derived_from','787',966),(228,'derived_from','788',967),(229,'derived_from','813',968),(230,'derived_from','816',969),(231,'derived_from','795',970),(232,'derived_from','787',971),(233,'derived_from','788',972),(234,'derived_from','813',973),(235,'derived_from','816',974),(236,'derived_from','795',975),(237,'derived_from','787',976),(238,'derived_from','788',977),(239,'derived_from','813',978),(240,'derived_from','816',983),(241,'derived_from','795',984),(242,'derived_from','787',985),(243,'derived_from','788',986),(244,'derived_from','813',987),(245,'derived_from','816',988),(246,'derived_from','795',989),(247,'derived_from','787',990),(248,'derived_from','788',991),(249,'derived_from','813',992),(250,'derived_from','816',993),(251,'derived_from','795',994),(252,'derived_from','787',995),(253,'derived_from','788',996),(254,'derived_from','813',997),(255,'derived_from','816',998),(256,'derived_from','795',999),(257,'derived_from','787',1000),(258,'derived_from','788',1001),(259,'derived_from','813',1002),(260,'derived_from','816',1016),(261,'derived_from','795',1017),(262,'derived_from','787',1018),(263,'derived_from','788',1019),(264,'derived_from','813',1020),(265,'derived_from','816',1021),(266,'derived_from','795',1022),(267,'derived_from','787',1023),(268,'derived_from','788',1024),(269,'derived_from','813',1025),(270,'derived_from','816',1026),(271,'derived_from','795',1027),(272,'derived_from','787',1028),(273,'derived_from','788',1029),(274,'derived_from','813',1030),(275,'derived_from','816',1031),(276,'derived_from','795',1032),(277,'derived_from','787',1033),(278,'derived_from','788',1034),(279,'derived_from','813',1035),(280,'derived_from','816',1036),(281,'derived_from','795',1037),(282,'derived_from','787',1038),(283,'derived_from','788',1039),(284,'derived_from','813',1040),(285,'derived_from','816',1041),(286,'derived_from','795',1042),(287,'derived_from','787',1043),(288,'derived_from','788',1044),(289,'derived_from','813',1045),(290,'derived_from','816',1046),(291,'derived_from','795',1047),(292,'derived_from','787',1048),(293,'derived_from','788',1049),(294,'derived_from','813',1050),(295,'derived_from','816',1051),(296,'derived_from','795',1052),(297,'derived_from','787',1053),(298,'derived_from','788',1054),(299,'derived_from','813',1055),(300,'derived_from','816',1056),(301,'derived_from','795',1057),(302,'derived_from','787',1058),(303,'derived_from','788',1059),(304,'derived_from','813',1060),(305,'derived_from','816',1061),(306,'derived_from','795',1062),(307,'derived_from','787',1063),(308,'derived_from','788',1064),(309,'derived_from','813',1065),(310,'derived_from','816',1066),(311,'derived_from','795',1067),(312,'derived_from','787',1068),(313,'derived_from','788',1069),(314,'derived_from','813',1070),(315,'derived_from','816',1072),(316,'derived_from','795',1073),(317,'derived_from','787',1074),(318,'derived_from','788',1075),(319,'derived_from','813',1076),(320,'derived_from','816',1077),(321,'derived_from','795',1078),(322,'derived_from','787',1079),(323,'derived_from','788',1080),(324,'derived_from','813',1081),(325,'derived_from','816',1095),(326,'derived_from','795',1096),(327,'derived_from','787',1097),(328,'derived_from','788',1098),(329,'derived_from','813',1099),(330,'derived_from','816',1101),(331,'derived_from','795',1102),(332,'derived_from','787',1103),(333,'derived_from','788',1104),(334,'derived_from','813',1105),(335,'derived_from','816',1106),(336,'derived_from','795',1107),(337,'derived_from','787',1108),(338,'derived_from','788',1109),(339,'derived_from','813',1110),(340,'derived_from','816',1111),(341,'derived_from','795',1112),(342,'derived_from','787',1113),(343,'derived_from','788',1114),(344,'derived_from','813',1115),(345,'derived_from','816',1116),(346,'derived_from','795',1117),(347,'derived_from','787',1118),(348,'derived_from','788',1119),(349,'derived_from','813',1120),(353,'derived_from','1092',1124),(354,'derived_from','1094',1125),(355,'derived_from','1093',1126),(356,'derived_from','816',1127),(357,'derived_from','795',1128),(358,'derived_from','787',1129),(359,'derived_from','788',1130),(360,'derived_from','813',1131),(361,'derived_from','1092',1132),(362,'derived_from','1094',1133),(363,'derived_from','1093',1134),(364,'derived_from','816',1135),(365,'derived_from','795',1136),(366,'derived_from','787',1137),(367,'derived_from','788',1138),(368,'derived_from','813',1139),(369,'derived_from','816',1140),(370,'derived_from','795',1141),(371,'derived_from','787',1142),(372,'derived_from','788',1143),(373,'derived_from','813',1144),(374,'derived_from','1092',1146),(375,'derived_from','1094',1147),(376,'derived_from','1093',1148),(377,'derived_from','1092',1156),(378,'derived_from','1094',1157),(379,'derived_from','1093',1158),(380,'derived_from','816',1159),(381,'derived_from','795',1160),(382,'derived_from','787',1161),(383,'derived_from','788',1162),(384,'derived_from','813',1163),(385,'derived_from','816',1164),(386,'derived_from','795',1165),(387,'derived_from','787',1166),(388,'derived_from','788',1167),(389,'derived_from','813',1168),(390,'derived_from','816',1169),(391,'derived_from','795',1170),(392,'derived_from','787',1171),(393,'derived_from','788',1172),(394,'derived_from','813',1173),(395,'derived_from','816',1174),(396,'derived_from','795',1175),(397,'derived_from','787',1176),(398,'derived_from','788',1177),(399,'derived_from','813',1178),(400,'derived_from','816',1179),(401,'derived_from','795',1180),(402,'derived_from','787',1181),(403,'derived_from','788',1182),(404,'derived_from','813',1183),(405,'derived_from','1092',1185),(406,'derived_from','1094',1186),(407,'derived_from','1093',1187),(408,'derived_from','816',1188),(409,'derived_from','795',1189),(410,'derived_from','787',1190),(411,'derived_from','788',1191),(412,'derived_from','813',1192),(413,'derived_from','1092',1195),(414,'derived_from','1094',1196),(415,'derived_from','1093',1197),(416,'derived_from','1092',1203),(417,'derived_from','1094',1204),(418,'derived_from','1093',1205),(419,'derived_from','1092',1212),(420,'derived_from','1094',1213),(421,'derived_from','1093',1214),(422,'derived_from','1092',1217),(423,'derived_from','1094',1218),(424,'derived_from','1093',1219),(425,'derived_from','1092',1221),(426,'derived_from','1094',1222),(427,'derived_from','1093',1223),(428,'derived_from','816',1241),(429,'derived_from','813',1242),(430,'derived_from','816',1243),(431,'derived_from','816',1244),(432,'derived_from','795',1245),(433,'derived_from','787',1246),(434,'derived_from','788',1247),(435,'derived_from','813',1248),(436,'derived_from','1092',1255),(437,'derived_from','1094',1256),(438,'derived_from','1093',1257),(439,'derived_from','816',1258),(440,'derived_from','795',1259),(441,'derived_from','787',1260),(442,'derived_from','788',1261),(443,'derived_from','813',1262),(444,'derived_from','816',1263),(445,'derived_from','795',1264),(446,'derived_from','787',1265),(447,'derived_from','788',1266),(448,'derived_from','813',1267),(449,'derived_from','816',1268),(450,'derived_from','795',1269),(451,'derived_from','787',1270),(452,'derived_from','788',1271),(453,'derived_from','813',1272),(454,'derived_from','816',1273),(455,'derived_from','795',1274),(456,'derived_from','787',1275),(457,'derived_from','788',1276),(458,'derived_from','813',1277),(459,'derived_from','816',1278),(460,'derived_from','795',1279),(461,'derived_from','787',1280),(462,'derived_from','788',1281),(463,'derived_from','813',1282),(473,'derived_from','1309',1310),(474,'derived_from','1308',1311),(475,'derived_from','1309',1321),(476,'derived_from','1308',1322),(479,'derived_from','1334',1337),(480,'derived_from','1333',1338),(481,'derived_from','1334',1339),(482,'derived_from','1333',1340),(483,'derived_from','1342',1343),(484,'derived_from','1342',1344),(485,'derived_from','816',1412),(486,'derived_from','795',1413),(487,'derived_from','787',1414),(488,'derived_from','788',1415),(489,'derived_from','813',1416),(490,'derived_from','816',1418),(491,'derived_from','795',1419),(492,'derived_from','787',1420),(493,'derived_from','788',1421),(494,'derived_from','813',1422),(495,'derived_from','816',1424),(496,'derived_from','795',1425),(497,'derived_from','787',1426),(498,'derived_from','788',1427),(499,'derived_from','813',1428),(500,'derived_from','816',1430),(501,'derived_from','795',1431),(502,'derived_from','787',1432),(503,'derived_from','788',1433),(504,'derived_from','813',1434),(510,'derived_from','816',1442),(511,'derived_from','795',1443),(512,'derived_from','787',1444),(513,'derived_from','788',1445),(514,'derived_from','813',1446),(515,'derived_from','816',1448),(516,'derived_from','795',1449),(517,'derived_from','787',1450),(518,'derived_from','788',1451),(519,'derived_from','813',1452),(520,'derived_from','1345',1347),(521,'derived_from','816',1774),(522,'derived_from','795',1775),(523,'derived_from','787',1776),(524,'derived_from','788',1777),(525,'derived_from','813',1778),(526,'derived_from','816',1779),(527,'derived_from','795',1780),(528,'derived_from','787',1781),(529,'derived_from','788',1782),(530,'derived_from','813',1783),(531,'derived_from','816',1784),(532,'derived_from','795',1785),(533,'derived_from','787',1786),(534,'derived_from','788',1787),(535,'derived_from','813',1788),(536,'derived_from','1794',1566),(537,'derived_from','1796',1797),(538,'derived_from','1795',1798),(539,'derived_from','1796',1585),(540,'derived_from','1796',1584),(541,'derived_from','1794',1567),(542,'derived_from','1795',1799),(543,'derived_from','1796',1583),(544,'derived_from','1794',1561),(545,'derived_from','1795',1800),(546,'passcode','Friend!',1540),(547,'passcode','LDS!',781),(548,'passcode','FHC!',1789),(550,'derived_from','1796',1811),(551,'derived_from','1795',1812),(552,'derived_from','1794',1813),(553,'passcode','fhw3',1848),(554,'derived_from','1796',1861),(555,'derived_from','1795',1862),(556,'derived_from','1794',1863),(557,'derived_from','1796',1872),(558,'derived_from','1795',1873),(559,'derived_from','1794',1874),(560,'passcode','ast!',398),(561,'derived_from','1092',1888),(562,'derived_from','1094',1889),(563,'derived_from','1093',1890),(564,'derived_from','1794',1900),(565,'derived_from','1796',1905),(566,'derived_from','1795',1906),(567,'derived_from','1794',1908),(568,'derived_from','1796',1909),(569,'derived_from','1795',1910);
/*!40000 ALTER TABLE `properties` ENABLE KEYS */;
UNLOCK TABLES;

--
-- Table structure for table `schema_migrations`
--

DROP TABLE IF EXISTS `schema_migrations`;
/*!40101 SET @saved_cs_client     = @@character_set_client */;
/*!40101 SET character_set_client = utf8 */;
CREATE TABLE `schema_migrations` (
  `version` varchar(255) NOT NULL,
  UNIQUE KEY `unique_schema_migrations` (`version`)
) ENGINE=InnoDB DEFAULT CHARSET=latin1;
/*!40101 SET character_set_client = @saved_cs_client */;

--
-- Dumping data for table `schema_migrations`
--

LOCK TABLES `schema_migrations` WRITE;
/*!40000 ALTER TABLE `schema_migrations` DISABLE KEYS */;
INSERT INTO `schema_migrations` VALUES ('20121231040603');
/*!40000 ALTER TABLE `schema_migrations` ENABLE KEYS */;
UNLOCK TABLES;

--
-- Table structure for table `sessions`
--

DROP TABLE IF EXISTS `sessions`;
/*!40101 SET @saved_cs_client     = @@character_set_client */;
/*!40101 SET character_set_client = utf8 */;
CREATE TABLE `sessions` (
  `id` int(11) NOT NULL AUTO_INCREMENT,
  `session_id` varchar(255) NOT NULL,
  `data` text,
  `created_at` datetime DEFAULT NULL,
  `updated_at` datetime DEFAULT NULL,
  PRIMARY KEY (`id`),
  KEY `index_sessions_on_session_id` (`session_id`),
  KEY `index_sessions_on_updated_at` (`updated_at`)
) ENGINE=InnoDB AUTO_INCREMENT=380 DEFAULT CHARSET=latin1;
/*!40101 SET character_set_client = @saved_cs_client */;

--
-- Dumping data for table `sessions`
--

LOCK TABLES `sessions` WRITE;
/*!40000 ALTER TABLE `sessions` DISABLE KEYS */;
INSERT INTO `sessions` VALUES (1,'367db1dac2f0879c25e0b4ce26db264f','BAh7CSIOYWNjZXNzX29rVCIJbW9kZSIOd2lraV92aWV3Igtkb21haW5vOg1J\nbmZvTm9kZQk6EEBhdHRyaWJ1dGVzew8iCW5hbWUiEVRlc3RPbnRvUmF2ZSIP\nY3JlYXRlZF9hdCIYMjAwOC0wNy0wMSAxOTozNzowMCIJYm9keTAiD3VwZGF0\nZWRfYXQiGDIwMDgtMDctMDMgMTg6NTE6MTAiDnNvcnRfY29kZSIJMTU0MCIH\naWQiCTE1NDAiCnZhbHVlMCIJdHlwZSINSW5mb05vZGUiCXZpZXciACIXb3du\nZXJfaW5mb19ub2RlX2lkMDoLQG93bmVyMDoKQHRhZ3NvOj9BY3RpdmVSZWNv\ncmQ6OkFzc29jaWF0aW9uczo6SGFzQW5kQmVsb25nc1RvTWFueUFzc29jaWF0\naW9uDToQQGZpbmRlcl9zcWwiLGB0YWdzX2l0ZW1zX2l0ZW1zYC5pdGVtX2Rl\nc3RfaWQgPSAxNTQwIDsHQAo6FkBwcmltYXJ5X2tleV9saXN0ewA6DkBqb2lu\nX3NxbCJPSU5ORVIgSk9JTiBgdGFnc19pdGVtc19pdGVtc2AgT04gYHRhZ3Ng\nLmlkID0gYHRhZ3NfaXRlbXNfaXRlbXNgLnRhZ19zcmNfaWQ6EUBjb3VudGVy\nX3NxbEAeOgxAdGFyZ2V0WwZvOghUYWcHOwZ7CSIJbmFtZSINX2lzX3dpa2ki\nEWl0ZW1fZGVzdF9pZCIJMTU0MCIHaWQiCDExNiIPdGFnX3NyY19pZCIIMTE2\nOhZAYXR0cmlidXRlc19jYWNoZXsAOgxAbG9hZGVkVDoQQHJlZmxlY3Rpb25v\nOjRBY3RpdmVSZWNvcmQ6OlJlZmxlY3Rpb246OkFzc29jaWF0aW9uUmVmbGVj\ndGlvbhA6CkBuYW1lOgl0YWdzOhBAY2xhc3NfbmFtZSIIVGFnOg1Ab3B0aW9u\nc3sKOg9qb2luX3RhYmxlIhV0YWdzX2l0ZW1zX2l0ZW1zOg9jbGFzc19uYW1l\nQC46HGFzc29jaWF0aW9uX2ZvcmVpZ25fa2V5Ig90YWdfc3JjX2lkOgtleHRl\nbmRbADoQZm9yZWlnbl9rZXkiEWl0ZW1fZGVzdF9pZDoTQGFjdGl2ZV9yZWNv\ncmRjCUl0ZW06EEBjb2xsZWN0aW9uVDoWQHByaW1hcnlfa2V5X25hbWVAMzoL\nQGtsYXNzYwhUYWc6C0BtYWNybzocaGFzX2FuZF9iZWxvbmdzX3RvX21hbnk6\nF0BxdW90ZWRfdGFibGVfbmFtZSILYHRhZ3NgOh1AYXNzb2NpYXRpb25fZm9y\nZWlnbl9rZXlAMToNQGNvbHVtbnNbB286MkFjdGl2ZVJlY29yZDo6Q29ubmVj\ndGlvbkFkYXB0ZXJzOjpNeXNxbENvbHVtbg47FCIPdGFnX3NyY19pZDoLQGxp\nbWl0aQk6CkB0eXBlOgxpbnRlZ2VyOgpAbnVsbEY6C0BzY2FsZTA6DkBzcWxf\ndHlwZSIMaW50KDExKToNQGRlZmF1bHRpADoPQHByZWNpc2lvbjA6DUBwcmlt\nYXJ5MG87Jg47FCIRaXRlbV9kZXN0X2lkOydpCTsoOyk7KkY7KzA7LCIMaW50\nKDExKTstaQA7LjA7LzA7EHsAIgphZG1pbkY=\n','2012-12-31 04:14:41','2012-12-31 04:17:32'),(2,'36c3cff2dc73ebc01f5cf068f48a565d','BAh7ByIOYWNjZXNzX29rRiIKYWRtaW5G\n','2012-12-31 06:09:18','2012-12-31 17:07:47'),(3,'d461e57caa43b943f2ee6b4a8cecab6a','BAh7ByIOYWNjZXNzX29rRiIKYWRtaW5G\n','2012-12-31 16:46:31','2012-12-31 16:46:31'),(4,'7e56d95fa8fa6358fac681377035f823','BAh7ByIOYWNjZXNzX29rRiIKYWRtaW5G\n','2012-12-31 17:13:37','2013-01-01 16:35:13'),(5,'1a4078fc6848958ff1e9ef84569d6355','BAh7CSIOYWNjZXNzX29rVCIJbW9kZSIOd2lraV9lZGl0IgphZG1pbkYiC2Rv\nbWFpbm86DUluZm9Ob2RlCjoQQGF0dHJpYnV0ZXN7DyIJbmFtZSIRVGVzdE9u\ndG9SYXZlIg9jcmVhdGVkX2F0IhgyMDA4LTA3LTAxIDE5OjM3OjAwIglib2R5\nMCIPdXBkYXRlZF9hdCIYMjAwOC0wNy0wMyAxODo1MToxMCIHaWQiCTE1NDAi\nDnNvcnRfY29kZSIJMTU0MCIJdHlwZSINSW5mb05vZGUiCnZhbHVlMCIJdmll\ndyIAIhdvd25lcl9pbmZvX25vZGVfaWQwOgtAb3duZXIwOgpAdGFnc286P0Fj\ndGl2ZVJlY29yZDo6QXNzb2NpYXRpb25zOjpIYXNBbmRCZWxvbmdzVG9NYW55\nQXNzb2NpYXRpb24NOhBAZmluZGVyX3NxbCIsYHRhZ3NfaXRlbXNfaXRlbXNg\nLml0ZW1fZGVzdF9pZCA9IDE1NDAgOhZAcHJpbWFyeV9rZXlfbGlzdHsAOwdA\nCzoRQGNvdW50ZXJfc3FsQB86DkBqb2luX3NxbCJPSU5ORVIgSk9JTiBgdGFn\nc19pdGVtc19pdGVtc2AgT04gYHRhZ3NgLmlkID0gYHRhZ3NfaXRlbXNfaXRl\nbXNgLnRhZ19zcmNfaWQ6DEBsb2FkZWRUOgxAdGFyZ2V0WwZvOghUYWcHOwZ7\nCSIJbmFtZSINX2lzX3dpa2kiEWl0ZW1fZGVzdF9pZCIJMTU0MCIHaWQiCDEx\nNiIPdGFnX3NyY19pZCIIMTE2OhZAYXR0cmlidXRlc19jYWNoZXsAOhBAcmVm\nbGVjdGlvbm86NEFjdGl2ZVJlY29yZDo6UmVmbGVjdGlvbjo6QXNzb2NpYXRp\nb25SZWZsZWN0aW9uEDoQQGNsYXNzX25hbWUiCFRhZzoKQG5hbWU6CXRhZ3M6\nDUBvcHRpb25zewo6D2pvaW5fdGFibGUiFXRhZ3NfaXRlbXNfaXRlbXM6D2Ns\nYXNzX25hbWVALzocYXNzb2NpYXRpb25fZm9yZWlnbl9rZXkiD3RhZ19zcmNf\naWQ6C2V4dGVuZFsAOhBmb3JlaWduX2tleSIRaXRlbV9kZXN0X2lkOhBAY29s\nbGVjdGlvblQ6E0BhY3RpdmVfcmVjb3JkYwlJdGVtOgtAa2xhc3NjCFRhZzoW\nQHByaW1hcnlfa2V5X25hbWVANDoXQHF1b3RlZF90YWJsZV9uYW1lIgtgdGFn\nc2A6C0BtYWNybzocaGFzX2FuZF9iZWxvbmdzX3RvX21hbnk6HUBhc3NvY2lh\ndGlvbl9mb3JlaWduX2tleUAyOg1AY29sdW1uc1sHbzoyQWN0aXZlUmVjb3Jk\nOjpDb25uZWN0aW9uQWRhcHRlcnM6Ok15c3FsQ29sdW1uDjoLQGxpbWl0aQk7\nFSIPdGFnX3NyY19pZDoKQHR5cGU6DGludGVnZXI6CkBudWxsRjoLQHNjYWxl\nMDoOQHNxbF90eXBlIgxpbnQoMTEpOg1AZGVmYXVsdGkAOg9AcHJlY2lzaW9u\nMDoNQHByaW1hcnkwbzsmDjsnaQk7FSIRaXRlbV9kZXN0X2lkOyg7KTsqRjsr\nMDssIgxpbnQoMTEpOy1pADsuMDsvMDsRewA6C0BpdGVtc286M0FjdGl2ZVJl\nY29yZDo6QXNzb2NpYXRpb25zOjpIYXNNYW55QXNzb2NpYXRpb24LOwoiJmBp\ndGVtc2Aub3duZXJfaW5mb19ub2RlX2lkID0gMTU0MDsHQAs7DEBBOw5UOw9b\nDW86DFNlY3Rpb24HOwZ7DyIJbmFtZSIOd2lraSBwYWdlIg9jcmVhdGVkX2F0\nIhgyMDA4LTA3LTAxIDE5OjM4OjUyIglib2R5IgKiBSE+ZnJlZC5qcGchDQoN\nCmgyLiBXZWxjb21lIHRvIE9udG9SYXZlIQ0KDQpIZWxsbyBhbmQgd2VsY29t\nZSB0byBPbnRvUmF2ZSEgIA0KDQpPbiBmaXJzdCBpbnNwZWN0aW9uLCBPbnRv\nUmF2ZSBsb29rcyBsaWtlIGEgV2lLaS4gSW4gZmFjdCwgaXQgaXMgbWVhbnQg\ndG8gb2ZmZXIgZmVhdHVyZXMgdGhhdCBhcmUgZmFtaWxpYXIgdG8gV2lLaSB1\nc2VycywgYnV0IHRoZXJlJ3MgbW9yZS4uLg0KDQpPbnRvUmF2ZSBicmluZ3Mg\ndG9nZXRoZXIgYSBudW1iZXIgb2YgaW50ZXJlc3RpbmcgdGhpbmdzIHRoYXQg\nbWFrZSB0aGUgV2lLaSBzdHlsZSBtdWNoIG1vcmUgdXNlZnVsLiAgQW1vbmcg\ndGhlIHRoaW5ncyB0aGF0IE9udG9SYXZlIGRvZXMgdGhhdCB5b3Ugd29uJ3Qg\nZmluZCBbeWV0XSBpbiBvdGhlciBXaUtpLWxpa2UgaW5mb3JtYXRpb24gY2Fw\ndHVyZSBlbnZpcm9ubWVudHMgYXJlIHRoZXNlOg0KKiBUYWdnaW5nIA0KKiBB\ndHRyaWJ1dGVzDQoqIEhpZXJhcmNoaWVzIG9mIHRvcGljcw0KDQpUaGlzIGlz\nIGEgW1tTYW1wbGUgdG9waWNdXSAtIGF0IG9uZSB0aW1lIGl0IHdhcyBhIHJl\nZC1saW5rIC4uLiBmb2xsb3dpbmcgYSByZWQgbGluayB3aWxsIGNyZWF0ZSBh\nIHRvcGljIHdpdGggdGhhdCB0aXRsZS4NCg0KVG8gYWRkIHBhZ2VzIG9mIHlv\ndXIgb3duLCBwbGVhc2Ugc2VlIHRoZSBbW09udG9SYXZlIFJlZmVyZW5jZV1d\nIGFuZCB0aGVuIHN0YXJ0IGFkZGluZyB5b3VyIG93biB0b3BpY3MgdW5kZXIg\nW1tVc2VyIGFyZWFzXV0gLSBhbmQgZG9uJ3Qgd29ycnkgaWYgeW91ciBwYWdl\ncyBlbmQgdXAgc29tZXdoZXJlIGVsc2U7IHRoaW5ncyBhcmUgZWFzaWx5IHJl\nLWFycmFuZ2VkIGxhdGVyIGlmIG5lZWRlZC4gDQoNCllvdSBhcmUgbm93IGlu\nIGEgZ2l2ZW4gRG9tYWluIGNhbGxlZCAiVGVzdE9udG9SYXZlIiAuLi4gT250\nb1JhdmUgaXMgYSBtdWx0aS10ZW5hbnQgYXBwbGljYXRpb24sIGFibGUgdG8g\naG9zdCBhbnkgbnVtYmVyIG9mIGRvbWFpbnMgaW4gYSBzaW5nbGUgc2VydmVy\nLiAgQXMgYSBtZW1iZXIgb2YgdGhpcyBkb21haW4sIHlvdSBjYW4gc2VlIGFu\nZCBlZGl0IGl0cyBwYWdlcywgYnV0IG90aGVycyBiZWxvbmdpbmcgdG8gZGlm\nZmVyZW50IGRvbWFpbnMgY2FuIG5vdC4gIA0KDQoNCmgyLiBNb3JlIGluZm9y\nbWF0aW9uDQoNClNlZSB0aGVzZSB0b3BpY3MgZm9yIG1vcmU6DQoqIFNlZSB0\naGUgbWFya3VwIG9mIHRoaXMgcGFnZSBhcyBhbiBleGFtcGxlIGJ5IGNsaWNr\naW5nIHRoZSBFZGl0IGJ1dHRvbg0KKiBCcm93c2UgdGhlICJUZXh0aWxlIE1h\ncmt1cCBSZWZlcmVuY2UiOmh0dHA6Ly9ob2JpeC5jb20vdGV4dGlsZS8gDQoN\nClNlZSBhbHNvOg0KW1tAb250b19oZWxwXV0NCg0KLi4uIGFuZCBoZXJlIGlz\nIGEgdGFidWxhciBsaXN0IG9mIHRob3NlIHNhbWUgaXRlbXMgd2l0aCB0aGVp\nciBhdHRyaWJ1dGVzLg0KDQp8fEBvbnRvX2hlbHB8fA0KIg91cGRhdGVkX2F0\nIhgyMDA5LTA4LTAxIDE4OjU0OjI5IgdpZCIJMTU0MSIOc29ydF9jb2RlIgkx\nNTQxIgl0eXBlIgxTZWN0aW9uIgp2YWx1ZTAiCXZpZXcwIhdvd25lcl9pbmZv\nX25vZGVfaWQiCTE1NDA7EXsAbzsABzsGew9ARSIXT250b1JhdmUgUmVmZXJl\nbmNlQEciGDIwMDgtMDctMDIgMDc6NTg6MjdASTBASyIYMjAwOC0wNy0wMiAw\nNzo1ODoyN0BNIgkxNTQyQE8iCTE1NDJAUSINSW5mb05vZGVAUzBAVDBAVSIJ\nMTU0MDsRewBvOwAHOwZ7D0BFIg9Vc2VyIGFyZWFzQEciGDIwMDgtMDctMDIg\nMDg6MDc6MjVASTBASyIYMjAwOC0wNy0wMiAwODowNzoyNkBNIgkxNTQ0QE8i\nCTE1NDRAUSINSW5mb05vZGVAUzBAVDBAVSIJMTU0MDsRewBvOwAHOwZ7D0BF\nIhJCZXRhIEZlZWRiYWNrQEciGDIwMDgtMDctMDIgMDg6NDk6MzBASTBASyIY\nMjAwOC0wNy0wMiAwODo0OTozMEBNIgkxNTQ4QE8iCTE1NDhAUSINSW5mb05v\nZGVAUzBAVDBAVSIJMTU0MDsRewBvOwAHOwZ7D0BFIg9fdGVtcGxhdGVzQEci\nGDIwMDgtMDktMjcgMjI6NTk6MDBASTBASyIYMjAwOC0wOS0yOCAwMToxNTow\nM0BNIgkxNzkxQE8iCjk5OTk5QFEiDUluZm9Ob2RlQFMwQFQiAEBVIgkxNTQw\nOxF7AG87AAc7BnsPQEUiC051dG1lZ0BHIhgyMDEwLTA5LTE1IDE5OjM1OjIw\nQEkwQEsiGDIwMTAtMDktMTUgMTk6MzU6MjBATSIJMTg4M0BPIgkxODgzQFEi\nDUluZm9Ob2RlQFMwQFQwQFUiCTE1NDA7EXsAbzsABzsGew9ARSIRRmFtaWx5\nIFRyZWVzQEciGDIwMTItMTItMzEgMTk6MDg6MzVASTBASyIYMjAxMi0xMi0z\nMSAxOTowODozNUBNIgkxODkyQE8iCTE4OTJAUSINSW5mb05vZGVAUzBAVDBA\nVSIJMTU0MDsRewBvOwAHOwZ7D0BFIhBGcmVkIEggV2lsZEBHIhgyMDEyLTEy\nLTMxIDE5OjI1OjIwQEkwQEsiGDIwMTItMTItMzEgMTk6MjU6MjBATSIJMTkw\nN0BPIgkxOTA3QFEiDUluZm9Ob2RlQFMwQFQwQFUiCTE1NDA7EXsAOxJvOxMO\nOxQiCUl0ZW07FToKaXRlbXM7F3sIOxlAAZs7G1sAOxwiF293bmVyX2luZm9f\nbm9kZV9pZDsdVDseYw1JbmZvTm9kZTsgQAGeOx9ANTshIgxgaXRlbXNgOyI6\nDWhhc19tYW55\n','2012-12-31 17:23:11','2012-12-31 19:25:30'),(6,'51b745e5bdb4b28304b3b0cf5c7f251a','BAh7ByIOYWNjZXNzX29rRiIKYWRtaW5G\n','2013-01-01 03:55:20','2013-01-01 03:55:20'),(7,'42e7977095bfad615dd71c56e19064a6','BAh7ByIOYWNjZXNzX29rRiIKYWRtaW5G\n','2013-01-01 14:09:55','2013-01-01 14:09:55'),(8,'5279c38ab265a7a686bf7d097b0fe1a6','BAh7ByIOYWNjZXNzX29rRiIKYWRtaW5G\n','2013-01-02 23:11:21','2013-01-02 23:11:21'),(9,'a396bac7687ce01adbe0f645cd1a17dd','BAh7ByIOYWNjZXNzX29rRiIKYWRtaW5G\n','2013-01-04 07:15:05','2013-01-04 07:15:05'),(10,'afa0b39ee7c551c87ec98936a4b794e5','BAh7ByIOYWNjZXNzX29rRiIKYWRtaW5G\n','2013-01-05 17:49:42','2013-01-05 17:49:42'),(11,'292cba725f501bb6864486ff613985b0','BAh7ByIOYWNjZXNzX29rRiIKYWRtaW5G\n','2013-01-06 00:41:36','2013-01-06 00:41:36'),(12,'0ed5a52f614e8270f09c353016224335','BAh7ByIOYWNjZXNzX29rRiIKYWRtaW5G\n','2013-01-06 04:06:25','2013-01-06 04:06:25'),(13,'37af162b1c464412d528ffe398fa0944','BAh7ByIOYWNjZXNzX29rRiIKYWRtaW5G\n','2013-01-06 18:33:02','2013-01-06 18:33:02'),(14,'db1a03d1536a0078f2df13ce924c49fb','BAh7ByIOYWNjZXNzX29rRiIKYWRtaW5G\n','2013-01-07 00:12:23','2013-01-07 00:12:23'),(15,'4cbd042aed5d9d479e9bbe5a2642414d','BAh7ByIOYWNjZXNzX29rRiIKYWRtaW5G\n','2013-01-07 13:52:22','2013-01-07 13:52:22'),(16,'b7828812bc4d592d24bf71fe2476a437','BAh7ByIOYWNjZXNzX29rRiIKYWRtaW5G\n','2013-01-10 13:46:06','2013-01-10 13:46:06'),(17,'7ce2429041e83d0a5245c454b01c58d6','BAh7ByIOYWNjZXNzX29rRiIKYWRtaW5G\n','2013-01-10 22:01:37','2013-01-10 22:01:37'),(18,'859d6ec032561a58ecec8528d4ce9e54','BAh7ByIOYWNjZXNzX29rRiIKYWRtaW5G\n','2013-01-10 23:44:48','2013-01-10 23:44:48'),(19,'16a60cd89be161b3f0d6721d1a4a6882','BAh7ByIOYWNjZXNzX29rRiIKYWRtaW5G\n','2013-01-12 13:04:38','2013-01-12 13:04:38'),(20,'640c9769851decaea387f76f7f49d3ed','BAh7ByIOYWNjZXNzX29rRiIKYWRtaW5G\n','2013-01-13 01:34:06','2013-01-13 01:34:06'),(21,'c9a6d561e169e538e9d756c609e8b91d','BAh7ByIOYWNjZXNzX29rRiIKYWRtaW5G\n','2013-01-13 13:48:53','2013-01-13 13:48:53'),(22,'6d81cf008101bdfd7bb488792cfbe4ae','BAh7ByIOYWNjZXNzX29rRiIKYWRtaW5G\n','2013-01-14 09:16:24','2013-01-14 09:16:24'),(23,'9c463469e72d8d4ca1c09d329380b0f7','BAh7ByIOYWNjZXNzX29rRiIKYWRtaW5G\n','2013-01-14 12:50:39','2013-01-14 12:50:39'),(24,'6f3b4f26c286db348c4f0eb486cc06d6','BAh7ByIOYWNjZXNzX29rRiIKYWRtaW5G\n','2013-01-14 19:54:00','2013-01-14 19:54:00'),(25,'470ba6a66320940ef2ecc2382601470d','BAh7ByIOYWNjZXNzX29rRiIKYWRtaW5G\n','2013-01-14 19:54:10','2013-01-14 19:54:10'),(26,'2607772a94d1c8f7046af82769c7fa0c','BAh7ByIOYWNjZXNzX29rRiIKYWRtaW5G\n','2013-01-14 19:54:20','2013-01-14 19:54:20'),(27,'f8ed6636e8cd1420fddd6b3d606cc8d8','BAh7ByIOYWNjZXNzX29rRiIKYWRtaW5G\n','2013-01-15 08:36:13','2013-01-15 08:36:13'),(28,'9093562945d6c2462da5c890611fbae9','BAh7ByIOYWNjZXNzX29rRiIKYWRtaW5G\n','2013-01-15 17:30:54','2013-01-15 17:30:54'),(29,'f465bb0cf60de807b1f16394b52a76ab','BAh7ByIOYWNjZXNzX29rRiIKYWRtaW5G\n','2013-01-21 03:25:50','2013-01-21 03:25:50'),(30,'77ba51804409e8b59cb4f1f5c17add25','BAh7ByIOYWNjZXNzX29rRiIKYWRtaW5G\n','2013-01-22 00:41:08','2013-01-22 00:41:08'),(31,'d6a16e0f282fdbb46258a837d306b933','BAh7ByIOYWNjZXNzX29rRiIKYWRtaW5G\n','2013-01-22 09:24:25','2013-01-22 09:24:25'),(32,'65b43a03b93a9885dd19a054d515d331','BAh7ByIOYWNjZXNzX29rRiIKYWRtaW5G\n','2013-01-22 09:24:28','2013-01-22 09:24:28'),(33,'f11153cb51bc9876d5c761f93d18af38','BAh7ByIOYWNjZXNzX29rRiIKYWRtaW5G\n','2013-01-22 12:08:12','2013-01-22 12:08:12'),(34,'f72a1f34c13c180ab202616f0cd77ccc','BAh7ByIOYWNjZXNzX29rRiIKYWRtaW5G\n','2013-01-23 01:02:47','2013-01-23 01:02:47'),(35,'d21a2090cb1d276028d4c2df36feb87a','BAh7ByIOYWNjZXNzX29rRiIKYWRtaW5G\n','2013-01-24 20:00:08','2013-01-24 20:00:08'),(36,'24bc799d486a663808d90052bf914fe5','BAh7ByIOYWNjZXNzX29rRiIKYWRtaW5G\n','2013-01-25 14:25:41','2013-01-25 14:25:41'),(37,'705ce2e6e3acc1c63cba3bb2ec863a06','BAh7ByIOYWNjZXNzX29rRiIKYWRtaW5G\n','2013-01-26 11:12:40','2013-01-26 11:12:40'),(38,'1940eae17d031087c5b25404f65cc467','BAh7ByIOYWNjZXNzX29rRiIKYWRtaW5G\n','2013-01-27 03:19:53','2013-01-27 03:19:53'),(39,'ceaf380b5b606f5fcc1ced15eab8f294','BAh7ByIOYWNjZXNzX29rRiIKYWRtaW5G\n','2013-01-27 21:00:28','2013-01-27 21:00:28'),(40,'ca3736264d9660c04247fe8b8d802544','BAh7ByIOYWNjZXNzX29rRiIKYWRtaW5G\n','2013-01-28 16:22:59','2013-01-28 16:22:59'),(41,'1a1d4da88fd976d1673cf194b57ec863','BAh7ByIOYWNjZXNzX29rRiIKYWRtaW5G\n','2013-01-28 17:05:40','2013-01-28 17:05:40'),(42,'e9234aa4916a3f6ce7ba4995c7363742','BAh7ByIOYWNjZXNzX29rRiIKYWRtaW5G\n','2013-01-30 03:35:48','2013-01-30 03:35:48'),(43,'7cea5cd6c85402085eedd42c2ec6c3bc','BAh7ByIOYWNjZXNzX29rRiIKYWRtaW5G\n','2013-01-30 15:58:26','2013-01-30 15:58:26'),(44,'be824820d4548cfa32b0e9d19b06b431','BAh7ByIOYWNjZXNzX29rRiIKYWRtaW5G\n','2013-01-30 23:47:10','2013-01-30 23:47:10'),(45,'0d7bfe7004a1ceae3d3c541595efce6d','BAh7ByIOYWNjZXNzX29rRiIKYWRtaW5G\n','2013-02-01 01:22:45','2013-02-01 01:22:45'),(46,'9b545ba5b7239de31024df1638c3c2d0','BAh7ByIOYWNjZXNzX29rRiIKYWRtaW5G\n','2013-02-01 04:37:19','2013-02-01 04:37:19'),(47,'1b1d838021f8fa8a5dbec558c98361b3','BAh7ByIOYWNjZXNzX29rRiIKYWRtaW5G\n','2013-02-01 06:04:09','2013-02-01 06:04:09'),(48,'9b41ace630c466e99cc4b5cf48cc172e','BAh7ByIOYWNjZXNzX29rRiIKYWRtaW5G\n','2013-02-02 08:15:28','2013-02-02 08:15:28'),(49,'f3526d85818635e56c444dd8d4cd7cf1','BAh7ByIOYWNjZXNzX29rRiIKYWRtaW5G\n','2013-02-02 18:58:11','2013-02-02 18:58:11'),(50,'dc12a88e512ecbb3b356122003c434e5','BAh7ByIOYWNjZXNzX29rRiIKYWRtaW5G\n','2013-02-03 17:04:44','2013-02-03 17:04:44'),(51,'1f00ebe3309c8950312ead20f7c8ba53','BAh7ByIOYWNjZXNzX29rRiIKYWRtaW5G\n','2013-02-03 19:29:21','2013-02-03 19:29:21'),(52,'018045f1e3e574c0f5770d627bb4d501','BAh7ByIOYWNjZXNzX29rRiIKYWRtaW5G\n','2013-02-04 17:11:35','2013-02-04 17:11:35'),(53,'911836e4c7cb6c783502ce921cb94185','BAh7ByIOYWNjZXNzX29rRiIKYWRtaW5G\n','2013-02-05 06:41:08','2013-02-05 06:41:08'),(54,'0611653d183b4535fd0a4fc9f3a7a303','BAh7ByIOYWNjZXNzX29rRiIKYWRtaW5G\n','2013-02-09 18:49:13','2013-02-09 18:49:13'),(55,'e0d9cf7a6cf9110bc2dbc37595fca0d0','BAh7ByIOYWNjZXNzX29rRiIKYWRtaW5G\n','2013-02-10 04:27:11','2013-02-10 04:27:11'),(56,'e34f108cc630ed5d2c747bb320aa109c','BAh7ByIOYWNjZXNzX29rRiIKYWRtaW5G\n','2013-02-11 15:03:54','2013-02-11 15:03:54'),(57,'88a52efdfd6e4ce70d03d5ca85a6243d','BAh7ByIOYWNjZXNzX29rRiIKYWRtaW5G\n','2013-02-11 19:18:16','2013-02-11 19:18:16'),(58,'64107dd85c5250baab6ca96c06473df4','BAh7ByIOYWNjZXNzX29rRiIKYWRtaW5G\n','2013-02-12 03:41:47','2013-02-12 03:41:47'),(59,'6b6eb9ae8d667263dd74e2d94be51b8b','BAh7ByIOYWNjZXNzX29rRiIKYWRtaW5G\n','2013-02-12 05:59:04','2013-02-12 05:59:04'),(60,'58660d1670ecdc9d8c0de7ab38588e1a','BAh7ByIOYWNjZXNzX29rRiIKYWRtaW5G\n','2013-02-13 09:25:21','2013-02-13 09:25:21'),(61,'f5a27bcbe7778d47365fc2ff819f3f5b','BAh7ByIOYWNjZXNzX29rRiIKYWRtaW5G\n','2013-02-13 17:43:40','2013-02-13 17:43:40'),(62,'9eba3211479fe60e03e1731c0bb025ab','BAh7ByIOYWNjZXNzX29rRiIKYWRtaW5G\n','2013-02-14 01:03:57','2013-02-14 01:03:57'),(63,'928fe87d47fcd4022fd2f4e4aa52a4fc','BAh7ByIOYWNjZXNzX29rRiIKYWRtaW5G\n','2013-02-14 12:28:34','2013-02-14 12:28:34'),(64,'6cb5412f936f6289f67faa553a2a1729','BAh7ByIOYWNjZXNzX29rRiIKYWRtaW5G\n','2013-02-15 16:50:21','2013-02-15 16:50:21'),(65,'9f148e5911b1f10794f5a1e6767a0fa1','BAh7ByIOYWNjZXNzX29rRiIKYWRtaW5G\n','2013-02-15 18:44:56','2013-02-15 18:44:56'),(66,'f0ee7a8acd710a11fbe21796812dbb0a','BAh7ByIOYWNjZXNzX29rRiIKYWRtaW5G\n','2013-02-16 04:53:55','2013-02-16 04:53:55'),(67,'3cbe90283db2c32d093fa1b725811cf1','BAh7ByIOYWNjZXNzX29rRiIKYWRtaW5G\n','2013-02-16 08:07:06','2013-02-16 08:07:06'),(68,'fd8a1bb4d4e8e0a8a61fa9080112591c','BAh7ByIOYWNjZXNzX29rRiIKYWRtaW5G\n','2013-02-17 04:06:49','2013-02-17 04:06:49'),(69,'8d840e78a943163a4bd98af3da7447e6','BAh7ByIOYWNjZXNzX29rRiIKYWRtaW5G\n','2013-02-17 09:16:42','2013-02-17 09:16:42'),(70,'cbc823d6103a487806b1747f75384601','BAh7ByIOYWNjZXNzX29rRiIKYWRtaW5G\n','2013-02-17 21:56:48','2013-02-17 21:56:48'),(71,'6ef212f42bf08969d70171d0fcdf1101','BAh7ByIOYWNjZXNzX29rRiIKYWRtaW5G\n','2013-02-19 12:28:36','2013-02-19 12:28:36'),(72,'31e9e63fb956a366ce23aad0216e7f1c','BAh7ByIOYWNjZXNzX29rRiIKYWRtaW5G\n','2013-02-20 13:03:51','2013-02-20 13:03:51'),(73,'13bae4c7e27a609af06d7bec9faeb204','BAh7ByIOYWNjZXNzX29rRiIKYWRtaW5G\n','2013-02-22 11:32:30','2013-02-22 11:32:30'),(74,'9d53b5c4ba3bf13c2ff2434809aac83d','BAh7ByIOYWNjZXNzX29rRiIKYWRtaW5G\n','2013-02-24 09:10:47','2013-02-24 09:10:47'),(75,'013a97429fad75a4c02f274f37642511','BAh7ByIOYWNjZXNzX29rRiIKYWRtaW5G\n','2013-02-26 09:03:05','2013-02-26 09:03:05'),(76,'d3bcbc65c056168946ad6a80858dc3cc','BAh7ByIOYWNjZXNzX29rRiIKYWRtaW5G\n','2013-02-26 09:26:57','2013-02-26 09:26:57'),(77,'a5ef087fc1fcf930dfe07dffc6e629d0','BAh7ByIOYWNjZXNzX29rRiIKYWRtaW5G\n','2013-02-27 07:09:20','2013-02-27 07:09:20'),(78,'29c8d3400a0f84d2637c196d92010466','BAh7ByIOYWNjZXNzX29rRiIKYWRtaW5G\n','2013-02-27 14:29:52','2013-02-27 14:29:52'),(79,'6cc8b6e84422b452b092ac89ff82faae','BAh7ByIOYWNjZXNzX29rRiIKYWRtaW5G\n','2013-02-27 19:11:10','2013-02-27 19:11:10'),(80,'471a34bfa2c3a5a9db3d6d778890d7a9','BAh7ByIOYWNjZXNzX29rRiIKYWRtaW5G\n','2013-02-28 01:09:14','2013-02-28 01:09:14'),(81,'7ec91f805e06b3e17d5bc15b4c7a4109','BAh7ByIOYWNjZXNzX29rRiIKYWRtaW5G\n','2013-02-28 05:16:02','2013-02-28 05:16:02'),(82,'46e8c28f1b0052d21a2a554cc174ca25','BAh7ByIOYWNjZXNzX29rRiIKYWRtaW5G\n','2013-03-01 20:27:55','2013-03-01 20:27:55'),(83,'6000f775367e92dd4e2e046e79bfa75c','BAh7ByIOYWNjZXNzX29rRiIKYWRtaW5G\n','2013-03-02 02:09:58','2013-03-02 02:09:58'),(84,'d6d18ee74a887457d6d358af7e7c4b73','BAh7ByIOYWNjZXNzX29rRiIKYWRtaW5G\n','2013-03-03 10:43:09','2013-03-03 10:43:09'),(85,'8db6565888410719b40955a7ee707137','BAh7ByIOYWNjZXNzX29rRiIKYWRtaW5G\n','2013-03-03 10:43:09','2013-03-03 10:43:09'),(86,'2c13e66312b37bce02bcab8aa898cafc','BAh7ByIOYWNjZXNzX29rRiIKYWRtaW5G\n','2013-03-03 10:43:09','2013-03-03 10:43:09'),(87,'6cb995f6dc112ae58dcc8c10d0c9ea23','BAh7ByIOYWNjZXNzX29rRiIKYWRtaW5G\n','2013-03-03 21:55:23','2013-03-03 21:55:23'),(88,'82fc8c322b0fa8501a18ea048f62e320','BAh7ByIOYWNjZXNzX29rRiIKYWRtaW5G\n','2013-03-04 07:59:05','2013-03-04 07:59:05'),(89,'033edcbf6b59aaf54ee242c4eabe031a','BAh7ByIOYWNjZXNzX29rRiIKYWRtaW5G\n','2013-03-04 12:48:46','2013-03-04 12:48:46'),(90,'15c3dbb4ad2d40f23e1fdf47be5cf54e','BAh7ByIOYWNjZXNzX29rRiIKYWRtaW5G\n','2013-03-05 09:55:54','2013-03-05 09:55:54'),(91,'9d1858ba51af0aa408105ec1bb2bd812','BAh7ByIOYWNjZXNzX29rRiIKYWRtaW5G\n','2013-03-05 10:34:02','2013-03-05 10:34:02'),(92,'bc582226ffa782c2f2036d1314da5b52','BAh7ByIOYWNjZXNzX29rRiIKYWRtaW5G\n','2013-03-05 18:12:08','2013-03-05 18:12:08'),(93,'3978bd3431acc7561349726f67a5e2e0','BAh7ByIOYWNjZXNzX29rRiIKYWRtaW5G\n','2013-03-06 14:46:24','2013-03-06 14:46:24'),(94,'c562423570ecdb40cf3b0d70e04c92d3','BAh7ByIOYWNjZXNzX29rRiIKYWRtaW5G\n','2013-03-07 14:15:23','2013-03-07 14:15:23'),(95,'432b0a7fd47cd76c34e675725f533fff','BAh7ByIOYWNjZXNzX29rRiIKYWRtaW5G\n','2013-03-07 16:59:30','2013-03-07 16:59:30'),(96,'7b9aa432d0747e611986198443a9659c','BAh7ByIOYWNjZXNzX29rRiIKYWRtaW5G\n','2013-03-08 08:38:41','2013-03-08 08:38:41'),(97,'7b5f9068b97ef13809f891697509f01a','BAh7ByIOYWNjZXNzX29rRiIKYWRtaW5G\n','2013-03-08 08:38:43','2013-03-08 08:38:43'),(98,'6688214c8442ed093abde234748f0308','BAh7ByIOYWNjZXNzX29rRiIKYWRtaW5G\n','2013-03-08 23:13:38','2013-03-08 23:13:38'),(99,'f0af2dfd17b663907a6520c1f07ee2d2','BAh7ByIOYWNjZXNzX29rRiIKYWRtaW5G\n','2013-03-09 03:15:30','2013-03-09 03:15:30'),(100,'63ca0184cc85ef779e08763799ff601c','BAh7ByIOYWNjZXNzX29rRiIKYWRtaW5G\n','2013-03-09 03:53:20','2013-03-09 03:53:20'),(101,'06a6c2dc284f70eef3522f3f382c2ac4','BAh7ByIOYWNjZXNzX29rRiIKYWRtaW5G\n','2013-03-09 05:02:28','2013-03-09 05:02:28'),(102,'0c5912a51f453eafe4f0452e7cdecd76','BAh7ByIOYWNjZXNzX29rRiIKYWRtaW5G\n','2013-03-09 05:45:36','2013-03-09 05:45:36'),(103,'b772fd5dca2314d0fc25162073f4c06e','BAh7ByIOYWNjZXNzX29rRiIKYWRtaW5G\n','2013-03-09 13:12:35','2013-03-09 13:12:35'),(104,'fca28323e4eacdcbbed82fa4b3af9765','BAh7ByIOYWNjZXNzX29rRiIKYWRtaW5G\n','2013-03-09 17:16:58','2013-03-09 17:16:58'),(105,'2dbe13c319e7f6d2295d0869b145cf30','BAh7ByIOYWNjZXNzX29rRiIKYWRtaW5G\n','2013-03-13 01:23:36','2013-03-13 01:23:36'),(106,'2ee165df5898dd6006e6575d03b68500','BAh7ByIOYWNjZXNzX29rRiIKYWRtaW5G\n','2013-03-13 05:18:49','2013-03-13 05:18:49'),(107,'92d14217ccf9a5598538eb6367028a92','BAh7ByIOYWNjZXNzX29rRiIKYWRtaW5G\n','2013-03-13 07:15:25','2013-03-13 07:15:25'),(108,'842e086b84b6ef21c9ff80a9abd403f5','BAh7ByIOYWNjZXNzX29rRiIKYWRtaW5G\n','2013-03-13 12:23:36','2013-03-13 12:23:36'),(109,'803b86e85d9f5691aa0638e1c30874d3','BAh7ByIOYWNjZXNzX29rRiIKYWRtaW5G\n','2013-03-15 03:16:13','2013-03-15 03:16:13'),(110,'bc48438107a39e6095dda2e95ad87017','BAh7ByIOYWNjZXNzX29rRiIKYWRtaW5G\n','2013-03-16 09:05:52','2013-03-16 09:05:52'),(111,'a38d1c0547495f78c5695efa14971ec7','BAh7ByIOYWNjZXNzX29rRiIKYWRtaW5G\n','2013-03-16 21:10:50','2013-03-16 21:10:50'),(112,'b51aceef376aaa7759cf8ba65602d397','BAh7ByIOYWNjZXNzX29rRiIKYWRtaW5G\n','2013-03-16 23:43:14','2013-03-16 23:43:14'),(113,'b88a3d9adf1807844ddea7cf53cd43ac','BAh7ByIOYWNjZXNzX29rRiIKYWRtaW5G\n','2013-03-17 05:51:13','2013-03-17 05:51:13'),(114,'bff31d0e519f68f2dc6176b72aca1c4a','BAh7ByIOYWNjZXNzX29rRiIKYWRtaW5G\n','2013-03-17 17:11:08','2013-03-17 17:11:08'),(115,'d1a9e4dcba0c7d5934df52d1ab845eb0','BAh7ByIOYWNjZXNzX29rRiIKYWRtaW5G\n','2013-03-17 17:28:10','2013-03-17 17:28:10'),(116,'2c0e7fd64e6b07ed1f350cec5c5e0e5d','BAh7ByIOYWNjZXNzX29rRiIKYWRtaW5G\n','2013-03-18 06:26:23','2013-03-18 06:26:23'),(117,'b7c0c9c00fad5793aabec3d1966b3574','BAh7ByIOYWNjZXNzX29rRiIKYWRtaW5G\n','2013-03-19 09:27:14','2013-03-19 09:27:14'),(118,'6ae65c92c126ca212b52f2167ed18e92','BAh7ByIOYWNjZXNzX29rRiIKYWRtaW5G\n','2013-03-19 13:03:21','2013-03-19 13:03:21'),(119,'92ef98f9c2c4e89e351b1f08043e77a1','BAh7ByIOYWNjZXNzX29rRiIKYWRtaW5G\n','2013-03-19 19:37:50','2013-03-19 19:37:50'),(120,'9b506263dff03a2507b06dca0c8fba37','BAh7ByIOYWNjZXNzX29rRiIKYWRtaW5G\n','2013-03-19 21:47:37','2013-03-19 21:47:37'),(121,'fb36af6c9ad9e57127492340f747eabe','BAh7ByIOYWNjZXNzX29rRiIKYWRtaW5G\n','2013-03-21 09:12:28','2013-03-21 09:12:28'),(122,'48deb8d8488fea0cf337a4c3f873539d','BAh7ByIOYWNjZXNzX29rRiIKYWRtaW5G\n','2013-03-21 09:21:54','2013-03-21 09:21:54'),(123,'921592708d7348b262edd77e1fdefdc5','BAh7ByIOYWNjZXNzX29rRiIKYWRtaW5G\n','2013-03-22 13:41:55','2013-03-22 13:41:55'),(124,'925d5333fed3e35a741ab606f1a4cdad','BAh7ByIOYWNjZXNzX29rRiIKYWRtaW5G\n','2013-03-22 15:14:24','2013-03-22 15:14:24'),(125,'21ac31d4a2108bbcb124d22da8b09373','BAh7ByIOYWNjZXNzX29rRiIKYWRtaW5G\n','2013-03-23 22:39:28','2013-03-23 22:39:28'),(126,'d9a2adb40753c2ba89eb197d4f227619','BAh7ByIOYWNjZXNzX29rRiIKYWRtaW5G\n','2013-03-25 15:53:58','2013-03-25 15:53:58'),(127,'95d8e85172041cc8dec28284c3dd1ddf','BAh7ByIOYWNjZXNzX29rRiIKYWRtaW5G\n','2013-03-25 18:46:28','2013-03-25 18:46:28'),(128,'e056ea4b2a99ecc5df312672117cc206','BAh7ByIOYWNjZXNzX29rRiIKYWRtaW5G\n','2013-03-26 11:48:55','2013-03-26 11:48:55'),(129,'906d1fc01f3b135f21226d9e54c27e0a','BAh7ByIOYWNjZXNzX29rRiIKYWRtaW5G\n','2013-03-26 13:41:26','2013-03-26 13:41:26'),(130,'15d4bb9ae87279ce6cea8320c564729e','BAh7ByIOYWNjZXNzX29rRiIKYWRtaW5G\n','2013-03-27 02:02:49','2013-03-27 02:02:49'),(131,'2fefc6a36511672cb536288514e1f99f','BAh7ByIOYWNjZXNzX29rRiIKYWRtaW5G\n','2013-03-27 12:56:12','2013-03-27 12:56:12'),(132,'e3f4f48cfc73f9352be4b706d25a816c','BAh7ByIOYWNjZXNzX29rRiIKYWRtaW5G\n','2013-03-30 03:12:53','2013-03-30 03:12:53'),(133,'67580aeca7fa73be1ac58345e5f90c3a','BAh7ByIOYWNjZXNzX29rRiIKYWRtaW5G\n','2013-04-01 17:51:40','2013-04-01 17:51:40'),(134,'36b73725dd59c105827c96f1a0fbba13','BAh7ByIOYWNjZXNzX29rRiIKYWRtaW5G\n','2013-04-02 08:11:29','2013-04-02 08:11:29'),(135,'1f269dc2bc05024e2f96a518df5ae77f','BAh7ByIOYWNjZXNzX29rRiIKYWRtaW5G\n','2013-04-02 08:11:30','2013-04-02 08:11:30'),(136,'76d2583aae498255855826043c1e7c18','BAh7ByIOYWNjZXNzX29rRiIKYWRtaW5G\n','2013-04-03 08:35:55','2013-04-03 08:35:55'),(137,'90b66d34c961287d69dddd29229d0be8','BAh7ByIOYWNjZXNzX29rRiIKYWRtaW5G\n','2013-04-03 08:59:11','2013-04-03 08:59:11'),(138,'f86710dc5ad4b0fad483da587de5987c','BAh7ByIOYWNjZXNzX29rRiIKYWRtaW5G\n','2013-04-04 03:27:55','2013-04-04 03:27:55'),(139,'9b083e3fbc0432a1971da9dcc35a20bb','BAh7ByIOYWNjZXNzX29rRiIKYWRtaW5G\n','2013-04-07 07:24:39','2013-04-07 07:24:39'),(140,'b46b34c0ebdcc582ae52a6eaaf5545a4','BAh7ByIOYWNjZXNzX29rRiIKYWRtaW5G\n','2013-04-08 07:29:49','2013-04-08 07:29:49'),(141,'a671c47dac1e2b0b7526ec285552b506','BAh7ByIOYWNjZXNzX29rRiIKYWRtaW5G\n','2013-04-08 07:29:52','2013-04-08 07:29:52'),(142,'c21bd7ce0dbbce1c1978ce22d2d44a12','BAh7ByIOYWNjZXNzX29rRiIKYWRtaW5G\n','2013-04-08 13:45:19','2013-04-08 13:45:19'),(143,'c558027379900ebd2442e56d9d1cc741','BAh7ByIOYWNjZXNzX29rRiIKYWRtaW5G\n','2013-04-08 20:16:12','2013-04-08 20:16:12'),(144,'480492dae2e049b382963b14b4ba3f05','BAh7ByIOYWNjZXNzX29rRiIKYWRtaW5G\n','2013-04-09 01:04:44','2013-04-09 01:04:44'),(145,'56ec0d91b885f91e6ca4b19fa6b6938d','BAh7ByIOYWNjZXNzX29rRiIKYWRtaW5G\n','2013-04-09 04:46:03','2013-04-09 04:46:03'),(146,'0474fe511798dab541a19567b44eda97','BAh7ByIOYWNjZXNzX29rRiIKYWRtaW5G\n','2013-04-10 04:04:21','2013-04-10 04:04:21'),(147,'f82424b7a7e4adb2d9d6404af447bc98','BAh7ByIOYWNjZXNzX29rRiIKYWRtaW5G\n','2013-04-10 05:13:41','2013-04-10 05:13:41'),(148,'1de69752eb6171dfdfd7527553db71b7','BAh7ByIOYWNjZXNzX29rRiIKYWRtaW5G\n','2013-04-10 12:57:33','2013-04-10 12:57:33'),(149,'cfb1554c997963e3c22e7ba406c4ee2a','BAh7ByIOYWNjZXNzX29rRiIKYWRtaW5G\n','2013-04-11 22:00:53','2013-04-11 22:00:53'),(150,'fe91b2df57b0d652804027185e82d73a','BAh7ByIOYWNjZXNzX29rRiIKYWRtaW5G\n','2013-04-14 11:08:10','2013-04-14 11:08:10'),(151,'f71ff046564e3e9eb8577569ab61452c','BAh7ByIOYWNjZXNzX29rRiIKYWRtaW5G\n','2013-04-15 04:04:45','2013-04-15 04:04:45'),(152,'c9a1c3ff5571e7a1bc513e2300285ef0','BAh7ByIOYWNjZXNzX29rRiIKYWRtaW5G\n','2013-04-15 10:22:01','2013-04-15 10:22:01'),(153,'570849e308ea8fbd8308dac98f8cdf61','BAh7ByIOYWNjZXNzX29rRiIKYWRtaW5G\n','2013-04-16 05:27:02','2013-04-16 05:27:02'),(154,'8e7bd7ca7d24309879359cbed280374d','BAh7ByIOYWNjZXNzX29rRiIKYWRtaW5G\n','2013-04-17 03:07:55','2013-04-17 03:07:55'),(155,'5a49127bdb4ce5c1641fd94d2410331c','BAh7ByIOYWNjZXNzX29rRiIKYWRtaW5G\n','2013-04-19 00:56:37','2013-04-19 00:56:37'),(156,'079a2e36fb1df2c1eb273317e5ad0659','BAh7ByIOYWNjZXNzX29rRiIKYWRtaW5G\n','2013-04-20 20:09:16','2013-04-20 20:09:16'),(157,'a2e6a3820bce20f9e820d43983a93ffd','BAh7ByIOYWNjZXNzX29rRiIKYWRtaW5G\n','2013-04-20 20:09:21','2013-04-20 20:09:21'),(158,'9ec21a86e085ff0e17d79feff7fff7b1','BAh7ByIOYWNjZXNzX29rRiIKYWRtaW5G\n','2013-04-20 20:09:22','2013-04-20 20:09:22'),(159,'22ae369d7174d07ae3cc251b465434d4','BAh7ByIOYWNjZXNzX29rRiIKYWRtaW5G\n','2013-04-20 20:26:55','2013-04-20 20:26:55'),(160,'40fbdb97052cfcd9a700a4befb936b6e','BAh7ByIOYWNjZXNzX29rRiIKYWRtaW5G\n','2013-04-21 02:13:44','2013-04-21 02:13:44'),(161,'4548267827d32d6e03bb4b19ad85e139','BAh7ByIOYWNjZXNzX29rRiIKYWRtaW5G\n','2013-04-22 03:02:47','2013-04-22 03:02:47'),(162,'aa78cc0d4e9769e9b8eb546df637f0da','BAh7ByIOYWNjZXNzX29rRiIKYWRtaW5G\n','2013-04-22 04:13:09','2013-04-22 04:13:09'),(163,'aff4c987b03385af80c3bfd3b5c88198','BAh7ByIOYWNjZXNzX29rRiIKYWRtaW5G\n','2013-04-22 11:38:15','2013-04-22 11:38:15'),(164,'bc89a63df35bd0bc0cf83d1c565208d5','BAh7ByIOYWNjZXNzX29rRiIKYWRtaW5G\n','2013-04-22 20:25:38','2013-04-22 20:25:38'),(165,'adcf68b782dd56f5c1c64101ae265ba0','BAh7ByIOYWNjZXNzX29rRiIKYWRtaW5G\n','2013-04-23 02:28:41','2013-04-23 02:28:41'),(166,'4c8935fe8cce55ba542fd0bf4b778ef6','BAh7ByIOYWNjZXNzX29rRiIKYWRtaW5G\n','2013-05-08 06:00:23','2013-05-08 06:00:23'),(167,'f3910e1a0abc0627f3abb9f8b83ff21d','BAh7ByIOYWNjZXNzX29rRiIKYWRtaW5G\n','2013-05-08 06:00:25','2013-05-08 06:00:25'),(168,'cc34aed9668a72c83ab4167f6aeab3dc','BAh7ByIOYWNjZXNzX29rRiIKYWRtaW5G\n','2013-05-08 17:42:53','2013-05-08 17:42:53'),(169,'42ecdf1ebb0be8d0c446e24ecdcddcec','BAh7ByIOYWNjZXNzX29rRiIKYWRtaW5G\n','2013-05-08 21:09:46','2013-05-08 21:09:46'),(170,'765e1f11fb4bd5fe774c5a2fadb94cbb','BAh7ByIOYWNjZXNzX29rRiIKYWRtaW5G\n','2013-05-08 23:34:42','2013-05-08 23:34:42'),(171,'2d3eb7770046fe8c34c4dc7d1065656a','BAh7ByIOYWNjZXNzX29rRiIKYWRtaW5G\n','2013-05-09 12:12:26','2013-05-09 12:12:26'),(172,'28314617c28d5952515b2fcd103e6f1d','BAh7ByIOYWNjZXNzX29rRiIKYWRtaW5G\n','2013-05-10 15:50:03','2013-05-10 15:50:03'),(173,'02090abf4635b02da6e19355b1e2f4a0','BAh7ByIOYWNjZXNzX29rRiIKYWRtaW5G\n','2013-05-11 07:03:08','2013-05-11 07:03:08'),(174,'2375f551c2567d35c77447ef5a9080d1','BAh7ByIOYWNjZXNzX29rRiIKYWRtaW5G\n','2013-05-11 07:03:19','2013-05-11 07:03:19'),(175,'b95a561feedaf20412025fd0aff676f9','BAh7ByIOYWNjZXNzX29rRiIKYWRtaW5G\n','2013-05-11 07:03:27','2013-05-11 07:03:27'),(176,'4f1c335ced1ea90baa8d8021639eada3','BAh7ByIOYWNjZXNzX29rRiIKYWRtaW5G\n','2013-05-11 07:03:29','2013-05-11 07:03:29'),(177,'ff5e1266f71fbb0cba2f481c4d4aef5c','BAh7ByIOYWNjZXNzX29rRiIKYWRtaW5G\n','2013-05-11 12:30:28','2013-05-11 12:30:28'),(178,'f4be8ec84e18a17c87dcb4dfff26e053','BAh7ByIOYWNjZXNzX29rRiIKYWRtaW5G\n','2013-05-12 20:30:20','2013-05-12 20:30:20'),(179,'c58c299e46946c48d96ce06652dec77a','BAh7ByIOYWNjZXNzX29rRiIKYWRtaW5G\n','2013-05-12 23:07:02','2013-05-12 23:07:02'),(180,'fe684dd22ff3a0fc42710ea0455b77ba','BAh7ByIOYWNjZXNzX29rRiIKYWRtaW5G\n','2013-05-13 00:50:50','2013-05-13 00:50:50'),(181,'f6eaa6aaae34bcddbc1e8f468f02ee72','BAh7ByIOYWNjZXNzX29rRiIKYWRtaW5G\n','2013-05-13 02:03:49','2013-05-13 02:03:49'),(182,'d37f2a7b00d6256104975673d412faa8','BAh7ByIOYWNjZXNzX29rRiIKYWRtaW5G\n','2013-05-13 07:31:41','2013-05-13 07:31:41'),(183,'7117eaf3d3a6e8d4bee0b332ad26aee2','BAh7ByIOYWNjZXNzX29rRiIKYWRtaW5G\n','2013-05-13 12:02:17','2013-05-13 12:02:17'),(184,'5ebbe2f5d84f5aa276d882b9a45a59c5','BAh7ByIOYWNjZXNzX29rRiIKYWRtaW5G\n','2013-05-13 15:48:38','2013-05-13 15:48:38'),(185,'c97e5cae7f1b9eca8211b8d9d1e65890','BAh7ByIOYWNjZXNzX29rRiIKYWRtaW5G\n','2013-05-13 16:41:23','2013-05-13 16:41:23'),(186,'c94ec0c464d29aef5f4dadf925d8fd03','BAh7ByIOYWNjZXNzX29rRiIKYWRtaW5G\n','2013-05-14 03:05:28','2013-05-14 03:05:28'),(187,'0b741a33dfc1fe08116cec7d0a1c70b0','BAh7ByIOYWNjZXNzX29rRiIKYWRtaW5G\n','2013-05-14 17:18:43','2013-05-14 17:18:43'),(188,'e9ddcda870865648135fe0c4bc3acccf','BAh7ByIOYWNjZXNzX29rRiIKYWRtaW5G\n','2013-05-14 18:40:02','2013-05-14 18:40:02'),(189,'f41132632f7950697eb55494793b13a0','BAh7ByIOYWNjZXNzX29rRiIKYWRtaW5G\n','2013-05-16 21:51:55','2013-05-16 21:51:55'),(190,'5e3e5fbd23e59b3243cc14d4de9a6661','BAh7ByIOYWNjZXNzX29rRiIKYWRtaW5G\n','2013-05-17 21:03:16','2013-05-17 21:03:16'),(191,'dae8e176f80001e584a2d540be1ac01f','BAh7ByIOYWNjZXNzX29rRiIKYWRtaW5G\n','2013-05-18 14:44:51','2013-05-18 14:44:51'),(192,'c483cdf2d1c034638afa4a5263f570fe','BAh7ByIOYWNjZXNzX29rRiIKYWRtaW5G\n','2013-05-19 20:46:53','2013-05-19 20:46:53'),(193,'5e5c05750b77fc8bf24027cca2936381','BAh7ByIOYWNjZXNzX29rRiIKYWRtaW5G\n','2013-05-19 21:28:10','2013-05-19 21:28:10'),(194,'da1d88a8e9db453b5baafe1d83e97bdf','BAh7ByIOYWNjZXNzX29rRiIKYWRtaW5G\n','2013-05-20 00:59:55','2013-05-20 00:59:55'),(195,'fa40c1683d66827658808a052df1e1e1','BAh7ByIOYWNjZXNzX29rRiIKYWRtaW5G\n','2013-05-20 03:44:19','2013-05-20 03:44:19'),(196,'b3cb799257ae7c6ecc7979decaa4d169','BAh7ByIOYWNjZXNzX29rRiIKYWRtaW5G\n','2013-05-20 20:31:24','2013-05-20 20:31:24'),(197,'8f6dd7d79f5611346fdc3be91abfd00d','BAh7ByIOYWNjZXNzX29rRiIKYWRtaW5G\n','2013-05-21 06:34:33','2013-05-21 06:34:33'),(198,'d925d1376c34094aadf20b537f2d821c','BAh7ByIOYWNjZXNzX29rRiIKYWRtaW5G\n','2013-05-23 23:52:00','2013-05-23 23:52:00'),(199,'93b770c2f831f57aae1b67c49235befe','BAh7ByIOYWNjZXNzX29rRiIKYWRtaW5G\n','2013-05-24 20:29:48','2013-05-24 20:29:48'),(200,'ebbcf4cc78137692b881edeb31d6b1cd','BAh7ByIOYWNjZXNzX29rRiIKYWRtaW5G\n','2013-05-25 00:25:18','2013-05-25 00:25:18'),(201,'aafae23c6ffb476f6371ceacb0542b20','BAh7ByIOYWNjZXNzX29rRiIKYWRtaW5G\n','2013-05-25 19:28:49','2013-05-25 19:28:49'),(202,'523c74a44db7edea48e14e34b405a0b7','BAh7ByIOYWNjZXNzX29rRiIKYWRtaW5G\n','2013-05-28 06:22:49','2013-05-28 06:22:49'),(203,'9602cebece29440c5a078ef5b45f604c','BAh7ByIOYWNjZXNzX29rRiIKYWRtaW5G\n','2013-05-29 03:03:16','2013-05-29 03:03:16'),(204,'841ff97659d2f6898acb4bd72a915e7b','BAh7ByIOYWNjZXNzX29rRiIKYWRtaW5G\n','2013-05-29 09:03:44','2013-05-29 09:03:44'),(205,'d91901e079a0218af885941810a8636f','BAh7ByIOYWNjZXNzX29rRiIKYWRtaW5G\n','2013-05-29 10:11:55','2013-05-29 10:11:55'),(206,'b093e121acac71ecb5514c08bf8bff6b','BAh7ByIOYWNjZXNzX29rRiIKYWRtaW5G\n','2013-05-29 10:17:24','2013-05-29 10:17:24'),(207,'c0c2094552b715a2fdf59813eda0abe1','BAh7ByIOYWNjZXNzX29rRiIKYWRtaW5G\n','2013-05-29 23:24:44','2013-05-29 23:24:44'),(208,'62dc245f13f904dc05124a46bf220d4d','BAh7ByIOYWNjZXNzX29rRiIKYWRtaW5G\n','2013-05-30 04:31:40','2013-05-30 04:31:40'),(209,'d7dd07ac0e18c49e7cfb4d05fdb0135c','BAh7ByIOYWNjZXNzX29rRiIKYWRtaW5G\n','2013-05-30 12:29:43','2013-05-30 12:29:43'),(210,'8c953159ec4fedbaaa9e7b1f8f148889','BAh7ByIOYWNjZXNzX29rRiIKYWRtaW5G\n','2013-06-02 01:00:10','2013-06-02 01:00:10'),(211,'741d605fe46abf99da7d49df16b52107','BAh7ByIOYWNjZXNzX29rRiIKYWRtaW5G\n','2013-06-02 01:00:25','2013-06-02 01:00:25'),(212,'ac6a463317a339b448ccd83518eecc45','BAh7ByIOYWNjZXNzX29rRiIKYWRtaW5G\n','2013-06-02 01:00:37','2013-06-02 01:00:37'),(213,'b1b1bfeebe2396117d7197c2c503c1f2','BAh7ByIOYWNjZXNzX29rRiIKYWRtaW5G\n','2013-06-03 18:08:04','2013-06-03 18:08:04'),(214,'f4fd421ed3328739eb8059bac016207f','BAh7ByIOYWNjZXNzX29rRiIKYWRtaW5G\n','2013-06-04 02:19:24','2013-06-04 02:19:24'),(215,'f3bb91ff6372bbebdd232512d62a5e70','BAh7ByIOYWNjZXNzX29rRiIKYWRtaW5G\n','2013-06-05 10:26:59','2013-06-05 10:26:59'),(216,'1c8d209f45bc1b545337ea0ca11c9cf0','BAh7ByIOYWNjZXNzX29rRiIKYWRtaW5G\n','2013-06-06 02:19:10','2013-06-06 02:19:10'),(217,'cbb901a77e3a08377727ac838ac2162a','BAh7ByIOYWNjZXNzX29rRiIKYWRtaW5G\n','2013-06-07 21:43:54','2013-06-07 21:43:54'),(218,'fc4bea58114c7f265fb27ed65ea2f418','BAh7ByIOYWNjZXNzX29rRiIKYWRtaW5G\n','2013-06-07 21:58:33','2013-06-07 21:58:33'),(219,'05a31f59c35ed5663d18dd9ceed73df5','BAh7ByIOYWNjZXNzX29rRiIKYWRtaW5G\n','2013-06-07 23:40:12','2013-06-07 23:40:12'),(220,'842776c288c8a07b9bbf30210db01394','BAh7ByIOYWNjZXNzX29rRiIKYWRtaW5G\n','2013-06-08 21:35:23','2013-06-08 21:35:23'),(221,'5e3aefb7245535888b4780d6d17ba85c','BAh7ByIOYWNjZXNzX29rRiIKYWRtaW5G\n','2013-06-10 12:26:31','2013-06-10 12:26:31'),(222,'575cd319d532cf7cf10553a900f87712','BAh7ByIOYWNjZXNzX29rRiIKYWRtaW5G\n','2013-06-10 12:26:36','2013-06-10 12:26:36'),(223,'7d5c9a011749e695aea5ae92984b33aa','BAh7ByIOYWNjZXNzX29rRiIKYWRtaW5G\n','2013-06-12 03:53:31','2013-06-12 03:53:31'),(224,'4d91764d9bf188e2cae2260ea7061624','BAh7ByIOYWNjZXNzX29rRiIKYWRtaW5G\n','2013-06-12 10:54:51','2013-06-12 10:54:51'),(225,'3f937a056cb5dd1deb27cdfd0969f1d7','BAh7ByIOYWNjZXNzX29rRiIKYWRtaW5G\n','2013-06-12 22:41:18','2013-06-12 22:41:18'),(226,'965d66907739fae722249db93455a22d','BAh7ByIOYWNjZXNzX29rRiIKYWRtaW5G\n','2013-06-13 03:57:10','2013-06-13 03:57:10'),(227,'c88441b1555cc0afb9eda4c8ce909f9f','BAh7ByIOYWNjZXNzX29rRiIKYWRtaW5G\n','2013-06-13 14:11:07','2013-06-13 14:11:07'),(228,'ab448df103789cd81be61949996e707b','BAh7ByIOYWNjZXNzX29rRiIKYWRtaW5G\n','2013-06-14 14:43:00','2013-06-14 14:43:00'),(229,'a50a97f441399d8da7c5054ae33fdf26','BAh7ByIOYWNjZXNzX29rRiIKYWRtaW5G\n','2013-06-14 15:39:41','2013-06-14 15:39:41'),(230,'81758f1e4ed841d4f2c0efa3a6e2670d','BAh7ByIOYWNjZXNzX29rRiIKYWRtaW5G\n','2013-07-06 11:58:19','2013-07-06 11:58:19'),(231,'e3365f524e45bbe226b926ba6a8595b8','BAh7ByIOYWNjZXNzX29rRiIKYWRtaW5G\n','2013-07-08 05:33:48','2013-07-08 05:33:48'),(232,'08220c7f02c81cb38d58ac2cef764bd3','BAh7ByIOYWNjZXNzX29rRiIKYWRtaW5G\n','2013-07-08 05:33:50','2013-07-08 05:33:50'),(233,'89156991e8c6efffee91e4b8663e1cfc','BAh7ByIOYWNjZXNzX29rRiIKYWRtaW5G\n','2013-07-08 13:55:48','2013-07-08 13:55:48'),(234,'6ab97073f2ad1acea72642d64ca98be7','BAh7ByIOYWNjZXNzX29rRiIKYWRtaW5G\n','2013-07-08 22:34:29','2013-07-08 22:34:29'),(235,'b614af4f7c21583948aae92bb21df3b1','BAh7ByIOYWNjZXNzX29rRiIKYWRtaW5G\n','2013-07-09 21:24:00','2013-07-09 21:24:00'),(236,'a2983cee0661d7d8e1b223bf2607675f','BAh7ByIOYWNjZXNzX29rRiIKYWRtaW5G\n','2013-07-11 14:13:41','2013-07-11 14:13:41'),(237,'f26a28c08695f04eac4c98f003970f84','BAh7ByIOYWNjZXNzX29rRiIKYWRtaW5G\n','2013-07-12 03:43:40','2013-07-12 03:43:40'),(238,'c5ce2865a0d179f6c0336cf68a7eeb37','BAh7ByIOYWNjZXNzX29rRiIKYWRtaW5G\n','2013-07-12 21:53:44','2013-07-12 21:53:44'),(239,'fe055fb5894a93ace1b185db1cf9e2ba','BAh7ByIOYWNjZXNzX29rRiIKYWRtaW5G\n','2013-07-15 03:28:03','2013-07-15 03:28:03'),(240,'dbab4f60e73d6c720e99636d918a2127','BAh7ByIOYWNjZXNzX29rRiIKYWRtaW5G\n','2013-07-16 05:11:25','2013-07-16 05:11:25'),(241,'6e19f674849b9e13efe63d4c3f882cb5','BAh7ByIOYWNjZXNzX29rRiIKYWRtaW5G\n','2013-07-16 08:32:11','2013-07-16 08:32:11'),(242,'1c1f266fbdbfca676f9d663194a2514e','BAh7ByIOYWNjZXNzX29rRiIKYWRtaW5G\n','2013-07-17 05:41:12','2013-07-17 05:41:12'),(243,'9f939c0dca02fb74609f21a69e53d696','BAh7ByIOYWNjZXNzX29rRiIKYWRtaW5G\n','2013-07-17 13:27:26','2013-07-17 13:27:26'),(244,'dfc434e74505d941c6c4ec6c5cde0841','BAh7ByIOYWNjZXNzX29rRiIKYWRtaW5G\n','2013-07-20 21:13:17','2013-07-20 21:13:17'),(245,'546667d72d70f2228d979878b605170c','BAh7ByIOYWNjZXNzX29rRiIKYWRtaW5G\n','2013-07-22 23:07:50','2013-07-22 23:07:50'),(246,'627affa38c1a95a91098a8b0bb6ffaa2','BAh7ByIOYWNjZXNzX29rRiIKYWRtaW5G\n','2013-07-24 04:35:27','2013-07-24 04:35:27'),(247,'15b88d8349519b4f252a6d76805ca690','BAh7ByIOYWNjZXNzX29rRiIKYWRtaW5G\n','2013-07-24 10:56:26','2013-07-24 10:56:26'),(248,'7c525b3fd395ce3b3c6d6fb5bac2e3c5','BAh7ByIOYWNjZXNzX29rRiIKYWRtaW5G\n','2013-07-24 17:36:25','2013-07-24 17:36:25'),(249,'9afea078d76ef3eb884ba8d56e0409dc','BAh7ByIOYWNjZXNzX29rRiIKYWRtaW5G\n','2013-07-24 22:40:43','2013-07-24 22:40:43'),(250,'bd39ee25fe6f38e897012bd42b60d2ea','BAh7ByIOYWNjZXNzX29rRiIKYWRtaW5G\n','2013-07-24 23:50:44','2013-07-24 23:50:44'),(251,'6b3ae962a2941cee026cfde3db1cd1af','BAh7ByIOYWNjZXNzX29rRiIKYWRtaW5G\n','2013-07-25 11:56:54','2013-07-25 11:56:54'),(252,'318b53de6f5dce4852dbf5d48c61d519','BAh7ByIOYWNjZXNzX29rRiIKYWRtaW5G\n','2013-07-26 22:23:52','2013-07-26 22:23:52'),(253,'d1f080d2580cdc012380d34cca5a06ba','BAh7ByIOYWNjZXNzX29rRiIKYWRtaW5G\n','2013-07-29 10:45:34','2013-07-29 10:45:34'),(254,'d07b436315d21cb7fac2a7780eeddc98','BAh7ByIOYWNjZXNzX29rRiIKYWRtaW5G\n','2013-07-29 11:57:05','2013-07-29 11:57:05'),(255,'e1754031b38a4fb2b5c1f054929a3a25','BAh7ByIOYWNjZXNzX29rRiIKYWRtaW5G\n','2013-07-29 16:08:11','2013-07-29 16:08:11'),(256,'c53c6b449a244890b19900eba20945b4','BAh7ByIOYWNjZXNzX29rRiIKYWRtaW5G\n','2013-07-31 21:04:48','2013-07-31 21:04:48'),(257,'9f48e7775307e4c5a692b5cbb85c7769','BAh7ByIOYWNjZXNzX29rRiIKYWRtaW5G\n','2013-08-02 22:36:15','2013-08-02 22:36:15'),(258,'0040ce2ba59fe9d9261b4e317dd0368c','BAh7ByIOYWNjZXNzX29rRiIKYWRtaW5G\n','2013-08-03 00:31:34','2013-08-03 00:31:34'),(259,'af3023cc1c927f4c09f41e3768d9a73b','BAh7ByIOYWNjZXNzX29rRiIKYWRtaW5G\n','2013-08-03 18:21:35','2013-08-03 18:21:35'),(260,'a8dae7862de5432b79942aa9951e6e15','BAh7ByIOYWNjZXNzX29rRiIKYWRtaW5G\n','2013-08-04 01:13:22','2013-08-04 01:13:22'),(261,'8dafb82b9bfc4dfd6439c4428defe5ae','BAh7ByIOYWNjZXNzX29rRiIKYWRtaW5G\n','2013-08-04 14:10:38','2013-08-04 14:10:38'),(262,'b5cbb49ba201724dd3b0431b3c257b87','BAh7ByIOYWNjZXNzX29rRiIKYWRtaW5G\n','2013-08-05 13:12:49','2013-08-05 13:12:49'),(263,'ea8136e1f19fe851adfc57984770932c','BAh7ByIOYWNjZXNzX29rRiIKYWRtaW5G\n','2013-08-07 12:32:10','2013-08-07 12:32:10'),(264,'9d2a365ffea9a71c207bec9dff0460d7','BAh7ByIOYWNjZXNzX29rRiIKYWRtaW5G\n','2013-08-08 19:53:49','2013-08-08 19:53:49'),(265,'1185111036d25709690d75a5bb6261aa','BAh7ByIOYWNjZXNzX29rRiIKYWRtaW5G\n','2013-08-08 19:53:51','2013-08-08 19:53:51'),(266,'985715b6c190c303b5f2f70c8aacd22c','BAh7ByIOYWNjZXNzX29rRiIKYWRtaW5G\n','2013-08-09 18:01:06','2013-08-09 18:01:06'),(267,'0f9e6769dbc6857410380b2427017e5e','BAh7ByIOYWNjZXNzX29rRiIKYWRtaW5G\n','2013-08-11 22:19:01','2013-08-11 22:19:01'),(268,'12d44850ed42b6e41a727fd8263c46b6','BAh7ByIOYWNjZXNzX29rRiIKYWRtaW5G\n','2013-08-13 12:13:10','2013-08-13 12:13:10'),(269,'b73108fa5e14e587ff778bce3bb4a8fc','BAh7ByIOYWNjZXNzX29rRiIKYWRtaW5G\n','2013-08-13 22:34:49','2013-08-13 22:34:49'),(270,'6ef735a70b78f820321b378478df11e3','BAh7ByIOYWNjZXNzX29rRiIKYWRtaW5G\n','2013-08-14 05:42:42','2013-08-14 05:42:42'),(271,'ac31dcc1b9c11626a414bf857f440c0d','BAh7ByIOYWNjZXNzX29rRiIKYWRtaW5G\n','2013-08-14 16:56:58','2013-08-14 16:56:58'),(272,'c68754753ffe7d02695e3e48493b77ec','BAh7ByIOYWNjZXNzX29rRiIKYWRtaW5G\n','2013-08-14 18:26:43','2013-08-14 18:26:43'),(273,'0ea6bff72f6ca25b84d1ebede46d66ec','BAh7ByIOYWNjZXNzX29rRiIKYWRtaW5G\n','2013-08-16 00:03:01','2013-08-16 00:03:01'),(274,'459b769d61cc7c1a0ba7d72d193c1abb','BAh7ByIOYWNjZXNzX29rRiIKYWRtaW5G\n','2013-08-18 03:52:29','2013-08-18 03:52:29'),(275,'fc5170472a89d5076348a39bc3699579','BAh7ByIOYWNjZXNzX29rRiIKYWRtaW5G\n','2013-08-18 12:32:19','2013-08-18 12:32:19'),(276,'4a8b0bfdcf8d8fcff27c39355a6f639e','BAh7ByIOYWNjZXNzX29rRiIKYWRtaW5G\n','2013-08-22 19:02:53','2013-08-22 19:02:53'),(277,'b12bad90a22dd30b35cbcefd81fe13eb','BAh7ByIOYWNjZXNzX29rRiIKYWRtaW5G\n','2013-08-22 20:36:40','2013-08-22 20:36:40'),(278,'7a5acbdd156c61465c9f43056a480b15','BAh7ByIOYWNjZXNzX29rRiIKYWRtaW5G\n','2013-08-22 22:27:07','2013-08-22 22:27:07'),(279,'125800716de91d21523a61fe5288356d','BAh7ByIOYWNjZXNzX29rRiIKYWRtaW5G\n','2013-08-23 16:32:11','2013-08-23 16:32:11'),(280,'c347ab3ed47e3cb1d12e9854f6d2429f','BAh7ByIOYWNjZXNzX29rRiIKYWRtaW5G\n','2013-08-24 14:32:15','2013-08-24 14:32:15'),(281,'91fe8e4e896cb7e0335434748aab398f','BAh7ByIOYWNjZXNzX29rRiIKYWRtaW5G\n','2013-08-24 22:44:07','2013-08-24 22:44:07'),(282,'3549bf2db38169128f3467b2c71259b6','BAh7ByIOYWNjZXNzX29rRiIKYWRtaW5G\n','2013-08-25 01:57:25','2013-08-25 01:57:25'),(283,'21b6a2aec53e70b458beb2e8d1447a71','BAh7ByIOYWNjZXNzX29rRiIKYWRtaW5G\n','2013-08-25 12:09:52','2013-08-25 12:09:52'),(284,'c4ea436c101a213609cbe5c415612fa9','BAh7ByIOYWNjZXNzX29rRiIKYWRtaW5G\n','2013-08-29 19:33:27','2013-08-29 19:33:27'),(285,'63c4fc7bce3fd6787bc6fc46e9caf97e','BAh7ByIOYWNjZXNzX29rRiIKYWRtaW5G\n','2013-08-30 22:37:33','2013-08-30 22:37:33'),(286,'69f31138dd733d32beceda2abe4f12c4','BAh7ByIOYWNjZXNzX29rRiIKYWRtaW5G\n','2013-09-02 10:05:30','2013-09-02 10:05:30'),(287,'85c94bdf00c20f0402d762b0cfe00c4a','BAh7ByIOYWNjZXNzX29rRiIKYWRtaW5G\n','2013-09-05 02:00:03','2013-09-05 02:00:03'),(288,'0a2e8f443dfb6d7b103125b49affb81e','BAh7ByIOYWNjZXNzX29rRiIKYWRtaW5G\n','2013-09-06 09:52:53','2013-09-06 09:52:53'),(289,'49b295dd1ea4a7a5668cee1c65099099','BAh7ByIOYWNjZXNzX29rRiIKYWRtaW5G\n','2013-09-08 07:54:27','2013-09-08 07:54:27'),(290,'ca02ddec37bedadb95c95fccc2b6acd2','BAh7ByIOYWNjZXNzX29rRiIKYWRtaW5G\n','2013-09-08 13:27:50','2013-09-08 13:27:50'),(291,'9d5135553ac5404b4e532d63fd0a8303','BAh7ByIOYWNjZXNzX29rRiIKYWRtaW5G\n','2013-09-08 13:27:53','2013-09-08 13:27:53'),(292,'14b0332afd0bb2255cd16387ddaee711','BAh7ByIOYWNjZXNzX29rRiIKYWRtaW5G\n','2013-09-09 03:23:36','2013-09-09 03:23:36'),(293,'4cd216b42bc13faf126fe61f0e9c9517','BAh7ByIOYWNjZXNzX29rRiIKYWRtaW5G\n','2013-09-09 11:45:08','2013-09-09 11:45:08'),(294,'b3347d664e0197fe8464907c1def2101','BAh7ByIOYWNjZXNzX29rRiIKYWRtaW5G\n','2013-09-11 19:28:27','2013-09-11 19:28:27'),(295,'d8b96221ec3e872b83cbd23ac0fd7632','BAh7ByIOYWNjZXNzX29rRiIKYWRtaW5G\n','2013-09-13 09:14:24','2013-09-13 09:14:24'),(296,'e04be7ae890bdf72d581b256d4690557','BAh7ByIOYWNjZXNzX29rRiIKYWRtaW5G\n','2013-09-16 00:33:23','2013-09-16 00:33:23'),(297,'6eaa0e51eb62c2cdab4b6de6972dc4de','BAh7ByIOYWNjZXNzX29rRiIKYWRtaW5G\n','2013-09-16 13:51:21','2013-09-16 13:51:21'),(298,'108b0973bf20eba4c7ad8c747529671c','BAh7ByIOYWNjZXNzX29rRiIKYWRtaW5G\n','2013-09-17 05:52:21','2013-09-17 05:52:21'),(299,'07d00ec2b576f9a67393b2d443b97afe','BAh7ByIOYWNjZXNzX29rRiIKYWRtaW5G\n','2013-09-17 15:13:28','2013-09-17 15:13:28'),(300,'a072d40b9a98e46740d57e929bca1b75','BAh7ByIOYWNjZXNzX29rRiIKYWRtaW5G\n','2013-09-21 22:15:46','2013-09-21 22:15:46'),(301,'dbd7a088cc2a5f143d29a28918c50361','BAh7ByIOYWNjZXNzX29rRiIKYWRtaW5G\n','2013-09-22 07:43:05','2013-09-22 07:43:05'),(302,'86f5ed3d1a95ce8ff26f19db293de1e1','BAh7ByIOYWNjZXNzX29rRiIKYWRtaW5G\n','2013-09-23 19:05:39','2013-09-23 19:05:39'),(303,'2cab975da174645bc4f2b87d1862f262','BAh7ByIOYWNjZXNzX29rRiIKYWRtaW5G\n','2013-09-24 00:30:07','2013-09-24 00:30:07'),(304,'a316280c0a549d396fd87e1cf95cf03c','BAh7ByIOYWNjZXNzX29rRiIKYWRtaW5G\n','2013-09-24 16:11:52','2013-09-24 16:11:52'),(305,'5e8f82b3fbd211bbc3762994b47449f8','BAh7ByIOYWNjZXNzX29rRiIKYWRtaW5G\n','2013-09-25 03:53:00','2013-09-25 03:53:00'),(306,'580ba19d8336b4000daf43ab9aae8c92','BAh7ByIOYWNjZXNzX29rRiIKYWRtaW5G\n','2013-09-25 14:38:10','2013-09-25 14:38:10'),(307,'19bb119097caf43ee72bae9c33b33401','BAh7ByIOYWNjZXNzX29rRiIKYWRtaW5G\n','2013-09-26 07:31:16','2013-09-26 07:31:16'),(308,'bba7d6ffa113f96749cfb650ea60a244','BAh7ByIOYWNjZXNzX29rRiIKYWRtaW5G\n','2013-09-26 16:21:30','2013-09-26 16:21:30'),(309,'8c6ab68cb21faf131f5414500ff613cd','BAh7ByIOYWNjZXNzX29rRiIKYWRtaW5G\n','2013-09-28 00:35:00','2013-09-28 00:35:00'),(310,'58db072c0bba9b0d082ce6af74e8841c','BAh7ByIOYWNjZXNzX29rRiIKYWRtaW5G\n','2013-09-29 02:31:11','2013-09-29 02:31:11'),(311,'bb84f227374355c05b9cd73bd60d8009','BAh7ByIOYWNjZXNzX29rRiIKYWRtaW5G\n','2013-10-01 03:44:42','2013-10-01 03:44:42'),(312,'c07314860804a5378bb594415a3bf61f','BAh7ByIOYWNjZXNzX29rRiIKYWRtaW5G\n','2013-10-01 23:21:20','2013-10-01 23:21:20'),(313,'03085fc7c61c32736243f45e833a8670','BAh7ByIOYWNjZXNzX29rRiIKYWRtaW5G\n','2013-10-03 08:52:40','2013-10-03 08:52:40'),(314,'385fb1e9e67cb7cacf88dc5ff220c8ac','BAh7ByIOYWNjZXNzX29rRiIKYWRtaW5G\n','2013-10-04 12:42:40','2013-10-04 12:42:40'),(315,'b8458290cc016470d87162930f3be88d','BAh7ByIOYWNjZXNzX29rRiIKYWRtaW5G\n','2013-10-05 19:51:59','2013-10-05 19:51:59'),(316,'2b8cbd902eaf9aee09c3d603e2598b5c','BAh7ByIOYWNjZXNzX29rRiIKYWRtaW5G\n','2013-10-06 03:43:39','2013-10-06 03:43:39'),(317,'fce8b1e64d14527df664eade852dd1cc','BAh7ByIOYWNjZXNzX29rRiIKYWRtaW5G\n','2013-10-06 10:29:16','2013-10-06 10:29:16'),(318,'10699e22f723b614794c2ddd5663e0d2','BAh7ByIOYWNjZXNzX29rRiIKYWRtaW5G\n','2013-10-06 21:35:21','2013-10-06 21:35:21'),(319,'1861d3a51aa286dc598773973cf87a3f','BAh7ByIOYWNjZXNzX29rRiIKYWRtaW5G\n','2013-10-08 06:08:58','2013-10-08 06:08:58'),(320,'6a53f54303087547d9d67a34f59264ff','BAh7ByIOYWNjZXNzX29rRiIKYWRtaW5G\n','2013-10-08 06:09:00','2013-10-08 06:09:00'),(321,'cbdc4a85ec9e0bce667c9eec7e570013','BAh7ByIOYWNjZXNzX29rRiIKYWRtaW5G\n','2013-10-09 19:51:47','2013-10-09 19:51:47'),(322,'95d859c2ee40dc8742ff24410809586d','BAh7ByIOYWNjZXNzX29rRiIKYWRtaW5G\n','2013-10-10 07:36:09','2013-10-10 07:36:09'),(323,'4051fd1fc15a200ab6276b704cb2d467','BAh7ByIOYWNjZXNzX29rRiIKYWRtaW5G\n','2013-10-11 16:31:22','2013-10-11 16:31:22'),(324,'16442816a6c28b4d597a64bf925d463a','BAh7ByIOYWNjZXNzX29rRiIKYWRtaW5G\n','2013-10-12 04:19:17','2013-10-12 04:19:17'),(325,'17d09c2f256a7767466b35f91fb1e24c','BAh7ByIOYWNjZXNzX29rRiIKYWRtaW5G\n','2013-11-01 07:25:34','2013-11-01 07:25:34'),(326,'ca542cc7aaa7743c0db29336f642413c','BAh7ByIOYWNjZXNzX29rRiIKYWRtaW5G\n','2013-11-01 11:38:05','2013-11-01 11:38:05'),(327,'63836dc82118c17b5effc19100257e61','BAh7ByIOYWNjZXNzX29rRiIKYWRtaW5G\n','2013-11-02 10:32:10','2013-11-02 10:32:10'),(328,'9f87dab322b8e1695c847279df9e2e17','BAh7ByIOYWNjZXNzX29rRiIKYWRtaW5G\n','2013-11-05 03:49:10','2013-11-05 03:49:10'),(329,'ccc68e8413a0e4965633e9df0b75228c','BAh7ByIOYWNjZXNzX29rRiIKYWRtaW5G\n','2013-11-05 03:49:13','2013-11-05 03:49:13'),(330,'1c7885c75dc64b5422d0755bed6dc2fe','BAh7ByIOYWNjZXNzX29rRiIKYWRtaW5G\n','2013-11-05 18:09:21','2013-11-05 18:09:21'),(331,'006b25f24bc14bbb4f80bcf43f3cdd90','BAh7ByIOYWNjZXNzX29rRiIKYWRtaW5G\n','2013-11-06 01:21:09','2013-11-06 01:21:09'),(332,'aeb37c8b91456b4b58ddd17e80650469','BAh7ByIOYWNjZXNzX29rRiIKYWRtaW5G\n','2013-11-07 10:07:27','2013-11-07 10:07:27'),(333,'e5e377a8fad149dfc113da259142cb1e','BAh7ByIOYWNjZXNzX29rRiIKYWRtaW5G\n','2013-11-10 18:48:32','2013-11-10 18:48:32'),(334,'5f0169c263015e2211936f29a7970785','BAh7ByIOYWNjZXNzX29rRiIKYWRtaW5G\n','2013-11-11 07:23:07','2013-11-11 07:23:07'),(335,'ba4b3299ff667f462978bbd1271682d7','BAh7ByIOYWNjZXNzX29rRiIKYWRtaW5G\n','2013-11-12 18:38:48','2013-11-12 18:38:48'),(336,'c3653718ed6a0c5e816fbd3af76f2108','BAh7ByIOYWNjZXNzX29rRiIKYWRtaW5G\n','2013-11-14 10:58:44','2013-11-14 10:58:44'),(337,'687af9943bbde62a8945c67a83e34317','BAh7ByIOYWNjZXNzX29rRiIKYWRtaW5G\n','2013-11-16 01:49:10','2013-11-16 01:49:10'),(338,'4d72802604aef935f4e9b66a29a15397','BAh7ByIOYWNjZXNzX29rRiIKYWRtaW5G\n','2013-11-16 14:23:53','2013-11-16 14:23:53'),(339,'f048a8af79d4c539752be071c5881d6e','BAh7ByIOYWNjZXNzX29rRiIKYWRtaW5G\n','2013-11-17 14:34:15','2013-11-17 14:34:15'),(340,'0f625b946f8061ed0726ada92fb84b73','BAh7ByIOYWNjZXNzX29rRiIKYWRtaW5G\n','2013-11-20 17:06:06','2013-11-20 17:06:06'),(341,'5182a4b0c73f27d15e3ae565ec64a73b','BAh7ByIOYWNjZXNzX29rRiIKYWRtaW5G\n','2013-11-22 16:49:01','2013-11-22 16:49:01'),(342,'a7d4e960c995d4ffa6b5b3912548f9f3','BAh7ByIOYWNjZXNzX29rRiIKYWRtaW5G\n','2013-11-24 03:56:21','2013-11-24 03:56:21'),(343,'a795644c61b687f4fa6d8efd77d801b5','BAh7ByIOYWNjZXNzX29rRiIKYWRtaW5G\n','2013-11-24 16:42:52','2013-11-24 16:42:52'),(344,'09f4cda534a3c9ab7c2f55a478478863','BAh7ByIOYWNjZXNzX29rRiIKYWRtaW5G\n','2013-11-24 19:41:38','2013-11-24 19:41:38'),(345,'76466ff8686472fb4d84ac6a55efbe98','BAh7ByIOYWNjZXNzX29rRiIKYWRtaW5G\n','2013-11-26 01:59:35','2013-11-26 01:59:35'),(346,'e400a277bdbc5630254c1196a177d6ca','BAh7ByIOYWNjZXNzX29rRiIKYWRtaW5G\n','2013-11-27 02:47:43','2013-11-27 02:47:43'),(347,'d84ec9d6784dc0194f89d6afa98726bb','BAh7ByIOYWNjZXNzX29rRiIKYWRtaW5G\n','2013-11-28 22:35:50','2013-11-28 22:35:50'),(348,'1e205fa6c5781014caccbf1686d8dcd6','BAh7ByIOYWNjZXNzX29rRiIKYWRtaW5G\n','2013-11-28 22:36:00','2013-11-28 22:36:00'),(349,'b1547397c637eb2d8137b1ee922b46a1','BAh7ByIOYWNjZXNzX29rRiIKYWRtaW5G\n','2013-11-28 22:36:01','2013-11-28 22:36:01'),(350,'dd78e1ee82fc1bf03bd86289da28ef62','BAh7ByIOYWNjZXNzX29rRiIKYWRtaW5G\n','2013-11-28 22:36:02','2013-11-28 22:36:02'),(351,'6ed2140d047068de9981f2ad71c8d626','BAh7ByIOYWNjZXNzX29rRiIKYWRtaW5G\n','2013-11-28 22:36:08','2013-11-28 22:36:08'),(352,'4a19bc51b829d624705997f6cb7702ef','BAh7ByIOYWNjZXNzX29rRiIKYWRtaW5G\n','2013-11-28 22:36:09','2013-11-28 22:36:09'),(353,'da088d85468b860cf03ca22ff89ab34c','BAh7ByIOYWNjZXNzX29rRiIKYWRtaW5G\n','2013-11-29 20:00:25','2013-11-29 20:00:25'),(354,'03a91238de530f4bed739e970b75edb3','BAh7ByIOYWNjZXNzX29rRiIKYWRtaW5G\n','2013-12-01 16:19:13','2013-12-01 16:19:13'),(355,'27c040ac8776a92b3e485ee7640e9fcd','BAh7ByIOYWNjZXNzX29rRiIKYWRtaW5G\n','2013-12-03 03:17:02','2013-12-03 03:17:02'),(356,'2e716f7d33321da1fbfd668d17457d79','BAh7ByIOYWNjZXNzX29rRiIKYWRtaW5G\n','2013-12-04 06:48:26','2013-12-04 06:48:26'),(357,'dee435e394c8c794e978ec8727edf001','BAh7ByIOYWNjZXNzX29rRiIKYWRtaW5G\n','2013-12-04 09:02:08','2013-12-04 09:02:08'),(358,'5ae2ecc1f1f7b6b46f8625c544defaf4','BAh7ByIOYWNjZXNzX29rRiIKYWRtaW5G\n','2013-12-04 09:02:10','2013-12-04 09:02:10'),(359,'9dc8cc9024cf1ad22762b5ce31c05003','BAh7ByIOYWNjZXNzX29rRiIKYWRtaW5G\n','2013-12-07 03:01:34','2013-12-07 03:01:34'),(360,'a682d4804a842d96f58cfa3837e8b8f4','BAh7ByIOYWNjZXNzX29rRiIKYWRtaW5G\n','2013-12-07 03:23:31','2013-12-07 03:23:31'),(361,'8a111c24a9dc5b3066be35aea1f8dc6f','BAh7ByIOYWNjZXNzX29rRiIKYWRtaW5G\n','2013-12-08 08:44:47','2013-12-08 08:44:47'),(362,'1467b7c5ed57a9ac89b291c3cddaddf2','BAh7ByIOYWNjZXNzX29rRiIKYWRtaW5G\n','2013-12-08 22:59:51','2013-12-08 22:59:51'),(363,'d3be9029fa3366fc9a7291c27369134b','BAh7ByIOYWNjZXNzX29rRiIKYWRtaW5G\n','2013-12-10 14:31:16','2013-12-10 14:31:16'),(364,'558ad3226d410e4334f9a8767e2ce958','BAh7ByIOYWNjZXNzX29rRiIKYWRtaW5G\n','2013-12-10 20:30:41','2013-12-10 20:30:41'),(365,'57cf3b2fe4fea31a740bd7c12669b783','BAh7ByIOYWNjZXNzX29rRiIKYWRtaW5G\n','2013-12-15 22:00:36','2013-12-15 22:00:36'),(366,'5192fecbe1a3e3fc64af27465140177e','BAh7ByIOYWNjZXNzX29rRiIKYWRtaW5G\n','2013-12-16 10:58:46','2013-12-16 10:58:46'),(367,'c85612554a076e9309566885d0dfc64f','BAh7ByIOYWNjZXNzX29rRiIKYWRtaW5G\n','2013-12-19 11:19:25','2013-12-19 11:19:25'),(368,'8050aa9ba7c233f88d091e5da4723c58','BAh7ByIOYWNjZXNzX29rRiIKYWRtaW5G\n','2013-12-19 15:03:38','2013-12-19 15:03:38'),(369,'ac18d113d0cd069aebcdd1d3ff71dc7b','BAh7ByIOYWNjZXNzX29rRiIKYWRtaW5G\n','2013-12-19 23:15:47','2013-12-19 23:15:47'),(370,'e35cb681b9c217e7d1e7bed8415c8407','BAh7ByIOYWNjZXNzX29rRiIKYWRtaW5G\n','2013-12-19 23:37:00','2013-12-19 23:37:00'),(371,'4e091caf9ac6e71bde59175820ab96f1','BAh7ByIOYWNjZXNzX29rRiIKYWRtaW5G\n','2013-12-20 00:31:47','2013-12-20 00:31:47'),(372,'d8dafca352c468d24da9031ef1db2b43','BAh7ByIOYWNjZXNzX29rRiIKYWRtaW5G\n','2013-12-20 07:41:25','2013-12-20 07:41:25'),(373,'bcc4375c4614a3149d06da8c120a532e','BAh7ByIOYWNjZXNzX29rRiIKYWRtaW5G\n','2013-12-20 19:58:41','2013-12-20 19:58:41'),(374,'1c0805a983dcefb1298d7787e615a8d8','BAh7ByIOYWNjZXNzX29rRiIKYWRtaW5G\n','2013-12-26 05:44:01','2013-12-26 05:44:01'),(375,'9da9faed3b9654a6d56431adc0f2e172','BAh7ByIOYWNjZXNzX29rRiIKYWRtaW5G\n','2013-12-30 05:38:15','2013-12-30 05:38:15'),(376,'824f6bea7525a2f26029b2505172239d','BAh7ByIOYWNjZXNzX29rRiIKYWRtaW5G\n','2014-01-04 10:28:56','2014-01-04 10:28:56'),(377,'66ee287cdb6f75b346e15612788d4344','BAh7ByIOYWNjZXNzX29rRiIKYWRtaW5G\n','2014-01-05 02:39:31','2014-01-05 02:39:31'),(378,'241ed82eebfbe64fa45a9f542c3f010b','BAh7ByIOYWNjZXNzX29rRiIKYWRtaW5G\n','2014-01-10 00:04:06','2014-01-10 00:04:06'),(379,'a4a5086e5f8bb70f9a6ab034bc4efd16','BAh7ByIOYWNjZXNzX29rRiIKYWRtaW5G\n','2014-01-11 03:16:15','2014-01-11 03:16:15');
/*!40000 ALTER TABLE `sessions` ENABLE KEYS */;
UNLOCK TABLES;

--
-- Table structure for table `tags`
--

DROP TABLE IF EXISTS `tags`;
/*!40101 SET @saved_cs_client     = @@character_set_client */;
/*!40101 SET character_set_client = utf8 */;
CREATE TABLE `tags` (
  `id` int(11) NOT NULL AUTO_INCREMENT,
  `name` varchar(120) DEFAULT NULL,
  PRIMARY KEY (`id`),
  KEY `tag_name` (`name`)
) ENGINE=InnoDB AUTO_INCREMENT=146 DEFAULT CHARSET=latin1;
/*!40101 SET character_set_client = @saved_cs_client */;

--
-- Dumping data for table `tags`
--

LOCK TABLES `tags` WRITE;
/*!40000 ALTER TABLE `tags` DISABLE KEYS */;
INSERT INTO `tags` VALUES (125,'alena'),(98,'as_action_item'),(82,'as_address'),(90,'as_bus_term'),(88,'as_bus_word'),(83,'as_client'),(111,'as_doctor'),(70,'as_domain'),(72,'as_person'),(92,'as_person_list'),(107,'as_proj'),(108,'as_project'),(95,'as_unit'),(144,'atsg'),(121,'beach'),(133,'business'),(142,'demo'),(122,'example'),(135,'family'),(141,'Finance'),(118,'fred'),(117,'fred pic'),(59,'friend'),(136,'guinea_pig'),(123,'help_info'),(128,'home'),(104,'is_action_item'),(81,'is_address'),(89,'is_bus_term'),(87,'is_bus_word'),(84,'is_client'),(110,'is_doctor'),(69,'is_domain'),(73,'is_person'),(93,'is_person_list'),(106,'is_project'),(94,'is_unit'),(143,'list_example'),(71,'modeler'),(130,'onto_help'),(132,'person'),(134,'personal'),(119,'pic'),(140,'Security'),(139,'silly'),(120,'summer'),(68,'template'),(124,'test'),(138,'Toffee'),(126,'web_pages'),(112,'xyz'),(137,'_apply_tag_guinea_pig'),(97,'_apply_tag_is_action_item'),(91,'_apply_tag_is_person'),(96,'_apply_tag_is_unit'),(131,'_apply_tag_person'),(115,'_as_wiki'),(105,'_domain_1295'),(109,'_domain_1326'),(113,'_domain_1352'),(129,'_domain_1540'),(145,'_domain_1848'),(99,'_domain_398'),(100,'_domain_667'),(101,'_domain_733'),(102,'_domain_765'),(103,'_domain_781'),(114,'_is_view'),(116,'_is_wiki');
/*!40000 ALTER TABLE `tags` ENABLE KEYS */;
UNLOCK TABLES;

--
-- Table structure for table `tags_items_items`
--

DROP TABLE IF EXISTS `tags_items_items`;
/*!40101 SET @saved_cs_client     = @@character_set_client */;
/*!40101 SET character_set_client = utf8 */;
CREATE TABLE `tags_items_items` (
  `tag_src_id` int(11) NOT NULL DEFAULT '0',
  `item_dest_id` int(11) NOT NULL DEFAULT '0',
  KEY `fk_tags_items_items_did` (`item_dest_id`),
  KEY `fk_tags_items_items_sid` (`tag_src_id`),
  CONSTRAINT `fk_tags_items_items_did` FOREIGN KEY (`item_dest_id`) REFERENCES `items` (`id`) ON DELETE CASCADE,
  CONSTRAINT `fk_tags_items_items_sid` FOREIGN KEY (`tag_src_id`) REFERENCES `tags` (`id`) ON DELETE CASCADE
) ENGINE=InnoDB DEFAULT CHARSET=latin1;
/*!40101 SET character_set_client = @saved_cs_client */;

--
-- Dumping data for table `tags_items_items`
--

LOCK TABLES `tags_items_items` WRITE;
/*!40000 ALTER TABLE `tags_items_items` DISABLE KEYS */;
INSERT INTO `tags_items_items` VALUES (59,399),(68,421),(69,405),(69,403),(69,457),(69,406),(70,421),(71,471),(71,399),(72,476),(72,1793),(72,786),(73,908),(73,909),(73,910),(73,911),(73,912),(73,913),(73,914),(73,915),(73,916),(73,1860),(73,1558),(73,1559),(73,917),(73,918),(73,979),(73,821),(73,981),(73,982),(73,1003),(73,1004),(73,1005),(73,1006),(73,1007),(73,1008),(73,1009),(73,1010),(73,1011),(73,1012),(73,1013),(73,1014),(73,1015),(73,1083),(73,1084),(73,1085),(73,1086),(73,1087),(73,1088),(73,1089),(73,1091),(73,1150),(73,1151),(73,1152),(73,1153),(73,1154),(73,1155),(73,1250),(73,1251),(73,1252),(73,1253),(73,1254),(73,1411),(73,1417),(73,1423),(73,1429),(73,1441),(73,1447),(73,1771),(73,1772),(73,1773),(73,980),(73,822),(73,823),(73,834),(73,835),(73,836),(73,837),(73,853),(73,884),(73,885),(73,886),(73,907),(73,399),(73,791),(73,797),(73,808),(73,809),(73,817),(73,818),(73,819),(73,820),(81,595),(82,650),(83,669),(84,677),(84,679),(84,678),(87,736),(87,779),(87,778),(87,737),(88,748),(89,766),(89,767),(89,735),(90,751),(91,792),(91,784),(91,1544),(92,792),(94,1184),(94,1149),(94,1145),(94,1100),(94,1071),(94,1202),(94,1216),(94,1220),(94,1249),(94,1194),(94,1211),(95,1082),(96,782),(98,1193),(99,614),(99,398),(99,399),(99,400),(99,401),(99,402),(99,403),(99,405),(99,406),(99,421),(99,436),(99,437),(99,442),(99,444),(99,445),(99,457),(99,462),(99,463),(99,469),(99,470),(99,471),(99,476),(99,543),(99,594),(99,595),(99,596),(99,597),(99,598),(99,599),(99,600),(99,601),(99,602),(99,603),(99,604),(99,605),(99,606),(99,607),(99,608),(99,609),(99,610),(99,611),(99,612),(99,613),(99,615),(99,616),(99,617),(99,618),(99,619),(99,620),(99,621),(99,622),(99,623),(99,624),(99,625),(99,626),(99,627),(99,628),(99,629),(99,630),(99,631),(99,632),(99,633),(99,634),(99,635),(99,636),(99,637),(99,638),(99,639),(99,640),(99,641),(99,642),(99,643),(99,644),(99,645),(99,650),(100,697),(100,698),(100,706),(100,707),(100,708),(100,1466),(100,1496),(100,1507),(100,1509),(100,1511),(100,1516),(100,1521),(100,1523),(100,1528),(100,1532),(100,1536),(100,1538),(100,678),(100,679),(100,688),(100,689),(100,677),(100,667),(100,675),(100,674),(100,670),(100,669),(100,668),(100,690),(100,691),(101,780),(101,733),(101,734),(101,735),(101,736),(101,737),(101,738),(101,739),(101,740),(101,741),(101,742),(101,743),(101,744),(101,745),(101,746),(101,747),(101,748),(101,749),(101,750),(101,751),(101,752),(101,764),(101,766),(101,767),(101,772),(101,777),(101,778),(101,779),(102,765),(103,1213),(103,781),(103,782),(103,783),(103,784),(103,785),(103,786),(103,791),(103,792),(103,797),(103,808),(103,809),(103,817),(103,818),(103,819),(103,820),(103,821),(103,822),(103,823),(103,834),(103,835),(103,836),(103,837),(103,853),(103,884),(103,885),(103,886),(103,907),(103,908),(103,909),(103,910),(103,911),(103,912),(103,913),(103,914),(103,915),(103,916),(103,917),(103,918),(103,979),(103,980),(103,981),(103,982),(103,1003),(103,1004),(103,1005),(103,1006),(103,1007),(103,1008),(103,1009),(103,1010),(103,1011),(103,1012),(103,1013),(103,1014),(103,1015),(103,1071),(103,1082),(103,1083),(103,1084),(103,1085),(103,1086),(103,1087),(103,1088),(103,1089),(103,1091),(103,1092),(103,1093),(103,1094),(103,1100),(103,1124),(103,1125),(103,1126),(103,1132),(103,1133),(103,1134),(103,1145),(103,1146),(103,1147),(103,1148),(103,1149),(103,1150),(103,1151),(103,1152),(103,1153),(103,1154),(103,1155),(103,1156),(103,1157),(103,1158),(103,1184),(103,1185),(103,1186),(103,1187),(103,1193),(103,1194),(103,1195),(103,1196),(103,1197),(103,1202),(103,1203),(103,1204),(103,1205),(103,1206),(103,1207),(103,1211),(103,1212),(103,1214),(103,1216),(103,1217),(103,1218),(103,1219),(103,1220),(103,1221),(103,1222),(103,1223),(103,1225),(103,1226),(103,1227),(103,1228),(103,1229),(103,1232),(103,1236),(103,1237),(103,1238),(103,1239),(103,1240),(103,1249),(103,1250),(103,1251),(103,1252),(103,1253),(103,1254),(103,1255),(103,1256),(103,1257),(103,1313),(103,1314),(103,1319),(103,1411),(103,1417),(103,1423),(103,1429),(103,1441),(103,1447),(103,1453),(103,1454),(103,1455),(103,1771),(103,1772),(103,1773),(105,1303),(105,1301),(105,1300),(105,1299),(105,1298),(105,1297),(105,1296),(105,1302),(105,1323),(105,1307),(105,1306),(105,1305),(105,1304),(105,1325),(105,1324),(106,1297),(106,1298),(106,1299),(106,1296),(108,1301),(109,1328),(109,1327),(109,1329),(109,1331),(109,1332),(109,1345),(109,1346),(109,1347),(110,1328),(110,1329),(111,1332),(112,1329),(112,1328),(114,1454),(114,1453),(114,1455),(116,1789),(116,667),(116,1540),(116,1745),(116,1848),(118,667),(118,1558),(119,667),(120,667),(120,1523),(121,667),(122,1466),(123,1496),(124,1509),(124,1496),(124,667),(124,1523),(124,1516),(124,1511),(125,1532),(125,1528),(126,1528),(129,1869),(129,1542),(129,1544),(129,1548),(129,1558),(129,1559),(129,1571),(129,1573),(129,1581),(129,1593),(129,1597),(129,1607),(129,1609),(129,1610),(129,1611),(129,1612),(129,1613),(129,1614),(129,1619),(129,1632),(129,1634),(129,1636),(129,1639),(129,1641),(129,1646),(129,1678),(129,1680),(129,1681),(129,1682),(129,1689),(129,1707),(129,1708),(129,1709),(129,1713),(129,1717),(129,1723),(129,1727),(129,1732),(129,1734),(129,1738),(129,1740),(129,1741),(129,1742),(129,1747),(129,1765),(129,1766),(129,1768),(129,1833),(129,1834),(129,1835),(129,1836),(129,1837),(129,1838),(129,1839),(129,1840),(129,1841),(129,1842),(129,1843),(129,1844),(129,1845),(129,1860),(129,1864),(129,1865),(129,1866),(129,1867),(129,1791),(129,1793),(129,1801),(129,1805),(129,1807),(129,1808),(129,1817),(129,1819),(129,1821),(129,1822),(129,1824),(129,1825),(129,1826),(129,1827),(129,1828),(129,1829),(129,1830),(129,1831),(129,1832),(130,1542),(130,1548),(133,1573),(134,1573),(135,1573),(136,1612),(136,1613),(136,1614),(136,1619),(136,1632),(136,1611),(136,1610),(136,1609),(137,1607),(137,1632),(140,1682),(141,1680),(144,1558),(129,1883),(94,1887),(103,1887),(103,1888),(103,1889),(103,1890),(129,1892),(129,1894),(129,1899),(73,1899),(129,1907),(73,1907);
/*!40000 ALTER TABLE `tags_items_items` ENABLE KEYS */;
UNLOCK TABLES;
/*!40103 SET TIME_ZONE=@OLD_TIME_ZONE */;

/*!40101 SET SQL_MODE=@OLD_SQL_MODE */;
/*!40014 SET FOREIGN_KEY_CHECKS=@OLD_FOREIGN_KEY_CHECKS */;
/*!40014 SET UNIQUE_CHECKS=@OLD_UNIQUE_CHECKS */;
/*!40101 SET CHARACTER_SET_CLIENT=@OLD_CHARACTER_SET_CLIENT */;
/*!40101 SET CHARACTER_SET_RESULTS=@OLD_CHARACTER_SET_RESULTS */;
/*!40101 SET COLLATION_CONNECTION=@OLD_COLLATION_CONNECTION */;
/*!40111 SET SQL_NOTES=@OLD_SQL_NOTES */;

-- Dump completed on 2020-02-20  2:00:08
